:020000041100E9
:10B0000003B40148019001BD7511000003B401486B
:10B01000019001BD75A9000003B40148019001BD74
:10B02000C93E000003B40148019001BD9DA9000084
:10B0300003B40148019001BDB30E000003B4014800
:10B04000019001BD8146FF1F03B40148019001BD7D
:10B050006189000003B40148019001BD1907010096
:10B0600003B40148019001BDA9D8000003B4014810
:10B07000019001BDB352010003B40148019001BD2C
:10B080000D52010003B40148019001BD8B52010033
:10B0900003B40148019001BDC1A5000003B40148FB
:10B0A000019001BD9D6A000003B40148019001BDFB
:10B0B0006136010003B40148019001BDC7160100CB
:10B0C00003B40148019001BD8F02010003B401489F
:10B0D000019001BDE94C010003B40148019001BD9C
:10B0E000116E000003B40148019001BD8BB900004E
:10B0F00003B40148019001BDD1D4000003B401485C
:10B10000019001BD912FFF1F03B40148019001BDC3
:10B110005533FF1F03B40148019001BDADAE0000DF
:10B1200003B40148019001BD456B010003B401481F
:10B13000019001BDCD4C010003B40148019001BD57
:10B1400085C1000003B40148019001BD09B80000A9
:10B1500003B40148019001BD2DFC000003B4014877
:10B16000019001BD25E7000003B40148019001BD35
:10B17000EDB8000003B40148019001BD3148000062
:10B1800003B40148019001BDC53F000003B401486C
:10B19000019001BDF5D5000003B40148019001BD47
:10B1A000F1FA000003B40148019001BD613CFF1FAA
:10B1B00003B40148019001BD9946000003B4014861
:10B1C000019001BD1547000003B40148019001BD85
:10B1D000C5F0000003B40148019001BD79F40000FE
:10B1E00003B40148019001BD63EC000003B40148C1
:10B1F000019001BD05FF000003B40148019001BDAD
:10B200003161000003B40148019001BDD13BFF1F33
:10B2100003B40148019001BD59E4000003B40148A2
:10B22000019001BDD5E4000003B40148019001BDC7
:10B2300001BF000003B40148019001BD21F10000ED
:10B2400003B40148019001BD39B8000003B40148BE
:10B25000019001BD77F1000003B40148019001BDE8
:10B26000C1E2000003B40148019001BD154D010089
:10B2700003B40148019001BD8DE3000003B401480F
:10B28000019001BD5511010003B40148019001BDB9
:10B29000A5FD000003B40148019001BDF54E010079
:10B2A00003B40148019001BD434D010003B40148BE
:10B2B000019001BD2526000003B40148019001BDA5
:10B2C000C94A010003B40148019001BD691F000093
:10B2D00003B40148019001BD5D17000003B40148AB
:10B2E000019001BD3D4B010003B40148019001BD37
:10B2F0005952010003B40148019001BD51250000DD
:10B3000003B40148019001BD014C010003B40148A0
:10B31000019001BD594F010003B40148019001BDE6
:10B320001D4B010003B40148019001BD8D120000C6
:10B3300003B40148019001BD4D1F000003B4014852
:10B34000019001BD5522000003B40148019001BDE8
:10B35000DD52010003B40148019001BD1D4D010003
:10B3600003B40148019001BD090E000003B4014877
:10B37000019001BD810E000003B40148019001BDA0
:10B38000017F000003B40148019001BDE1170000F6
:10B3900003B40148019001BD7918000003B40148CD
:10B3A000019001BDD949010003B40148019001BDDC
:10B3B0001928000003B40148019001BDB117000035
:10B3C00003B40148019001BDE928000003B401481D
:10B3D000019001BD5549010003B40148019001BD30
:10B3E0004551010003B40148019001BD1128FF1F20
:10B3F00003B40148019001BD291C000003B40148B9
:10B40000019001BD3123FF1F03B40148019001BD2C
:10B41000851F000003B40148019001BD11470100E0
:10B4200003B40148019001BDAB22FF1F03B40148E2
:10B43000019001BD8522FF1F03B40148019001BDA9
:10B44000A946010003B40148019001BDE548000090
:10B4500003B40148019001BD2951010008B500283D
:10B4600002D000F03DFA00E01220694608706A46FA
:10B4700001210248FFF7C4FD002008BD052000009F
:10B4800070B50C460546FFF7C1FD21462846FFF77B
:10B49000C3FD0446FFF7C6FD204670BDFEB5089DFE
:10B4A000099C1746002874D0002972D0002C02D0C5
:10B4B000012C02D003E02A2201E0FF220732921D74
:10B4C0000192354A0E461770344A106034480370B2
:10B4D0003448057034480470002445E0A120800001
:10B4E000254645432D48A121006889002818FFF70B
:10B4F0009FFD2A482D49006862002818FF308130DE
:10B50000C6620198361800208854511848702649A0
:10B51000097800293BD0FF211131009121461C20E0
:10B520004143234800220D182A764254E0B2009984
:10B53000FFF784FD686000202872E0B201220099C4
:10B54000FFF77CFDE86000202874E0B20222009939
:10B55000FFF774FD6861696800291AD0E96800295D
:10B5600017D0002815D0641CBC42B7DB00200F4A5E
:10B57000104D0146203283009C186580401CD15438
:10B58000C0B261701028F6D30020FEBD01E0342166
:10B59000C3E71220F9E700001409FF1F3409FF1F59
:10B5A0001509FF1F1609FF1F1709FF1FFC98FF1F32
:10B5B000FC69FF1FFFFF000010B5FF2815D0002910
:10B5C00013D0A1229200094B50431A688218FF320F
:10B5D000C132948B8C80128B0A801A688018FF30DD
:10B5E000C130C28BCA80408B488010BD3409FF1F18
:10B5F000F8B5724D0028AA7916D0012A01D0032A85
:10B6000012D16F490B78FF2B0ED14B78FF2B0BD14A
:10B610008B78FF2B08D1CB78FF2B05D10B79FF2B33
:10B6200002D14979FF2930D066490B78012B1DD012
:10B630000026654C0E702178092931D00A292FD0B7
:10B640000B292DD00C292BD00D2929D0052927D045
:10B65000062925D0A97B00290AD0012908D0032971
:10B6600006D0022904D004290FD101E00C20F8BD36
:10B67000002A05D0012A03D0022A01D0032A04D1CE
:10B68000524F002877D0012801D01220F8BDA88899
:10B69000012805D0FFF7BAFC2078002802D01AE074
:10B6A0002120F8BDA87B0300FFF7CEFC050408109D
:10B6B0000C082400012020701F200AE002202070C6
:10B6C000202006E004202070222002E003202070C9
:10B6D0002120FFF7BFFC2078282101280DD0022867
:10B6E0000BD0042809D0032807D0072810D0082839
:10B6F0000ED01DE026701E20EBE735480660297548
:10B700000120A880FFF7ACFC002822D0AE800FE01B
:10B7100030488069808D80060AD52F480278002A3B
:10B7200006D1AA7B032A06D0022A04D0002A02D01E
:10B73000FFF778FCB4E70122AA8002220270297583
:10B74000140321463878FFF791FC21463878FFF73B
:10B7500093FC22480078002809D021480121028862
:10B760007D20C0004243C9033878FFF78BFCFFF708
:10B7700059FC20E0FFE7FFF749FCAE80207807285E
:10B7800008D0082806D026701648FFF781FC1E2036
:10B79000FFF760FC10480178002900D006700121F5
:10B7A00049033878FFF762FCFFF73CFC0121C9032D
:10B7B0003878FFF75BFC0020F8BD0000A60BFF1FE8
:10B7C0006B09FF1F1A09FF1F1C09FF1F1B09FF1F21
:10B7D0004809FF1F6468FF1F2309FF1F2109FF1F7E
:10B7E0002C09FF1F00100040FFB585B017460D461D
:10B7F00004460E9EFFF70AFC29482946007804906B
:10B800002046202C00D22020202900D220210FAA5F
:10B810002CCA03950293019200963A46089BFFF7C3
:10B820003DFC00901F481E49448004980870012F79
:10B8300001D0042F25D11C4D1C4C2878217980275C
:10B84000C001B94308430321C0B289024018A08057
:10B85000324603A80F99FFF727FC26460C3601282D
:10B860000AD10398FFF726FC002805D101A9039807
:10B87000FFF726FC002809D00622691C3046FFF796
:10B8800025FCFFF7CFFB009809B0F0BD062201A907
:10B890003046FFF71BFCA0883843A080F1E700008A
:10B8A0001C09FF1FA60BFF1F7809FF1F6C11FF1F4C
:10B8B00010B5FB2908D8084B9A4205D81B2903D399
:10B8C000FF2349339A4201D2302010BD034B198225
:10B8D0005A82FFF701FC10BD480800008410FF1FCA
:10B8E000F8B53249097801292AD0022928D003293C
:10B8F00026D0042924D0052922D0062920D02C497D
:10B90000097802291CD004291AD0012918D003294A
:10B9100016D0062914D0072912D00178254C8C4660
:10B920002170467866708378A370C278E2700179DE
:10B9300021714079204D6071AF79012F02D008E06C
:10B940000C20F8BD6746EF712E726B72AA72E97215
:10B9500028730622E91D1948FFF7B8FB0622E91DE6
:10B960001748FFF7B3FB1748017801290BD121785D
:10B97000417061788170A178C170E178017121799D
:10B980004171617981711048017801290BD12178C9
:10B99000417061788170A178C170E178017121797D
:10B9A0004171617981710020F8BD00001C09FF1F01
:10B9B0002309FF1F6B09FF1FA60BFF1F7211FF1F3B
:10B9C0008A13FF1FBC0BFF1FD40BFF1FFFB50D46D3
:10B9D000A12189004843234981B009681E464418C3
:10B9E000002D09D0FF20D930015B0398814203D399
:10B9F000002E04D0012E02D0122005B0F0BDE07858
:10BA000000280AD00520C00127181748F9780078C7
:10BA1000801C814203D30720EFE70220EDE7FFF708
:10BA2000F5FAF878A91E401CF87003980870002EEB
:10BA300010D00120487020467C30091FFFF752FBD0
:10BA4000FFF7F0FA09480078082805D0072803D046
:10BA50000020D2E70220EDE700212046FFF748FB57
:10BA6000F6E700003409FF1F1509FF1F1C09FF1F1F
:10BA7000F8B5FFF743FB834D834AA8751178022977
:10BA800003D9002801D1012010708049002004460C
:10BA9000A9618300401CCC50FF28FADDA8697C49CD
:10BAA000882319507B49C1627B490978002902D05B
:10BAB00078491131C1620A210165117881637749A2
:10BAC000C161FFF721FBA969754848611920800110
:10BAD0008861084637228030C260082336220B6412
:10BAE000CA631E224A6436224260322202603B222E
:10BAF0000364C263282242644122C2643922826400
:10BB000032224365026528228265022202664222B1
:10BB1000C2651E22836642660A22C26620224267EE
:10BB2000422202675A22436102613C228261192249
:10BB300092010A605B4A0A63FF222D328A60CA6062
:10BB4000FF22F5320A61584A8A647D22D200574E9C
:10BB5000C267CE644A62564A8A623222CA650622A7
:10BB60004A658A65CA1DF932022513604D664B2568
:10BB7000ED008D660925CD664E4D0D678C674B67D0
:10BB8000AB10CB674C4FFF313E60474E86627D263F
:10BB9000F6008667642646620526C66202260663AC
:10BBA000C8264663846338205060444810644B20A4
:10BBB00080019061B000D061581010627D200001BA
:10BBC0005062D466956513665364D56514675367F0
:10BBD0001E2090663A4890673A485B008131D067F2
:10BBE0000B608B604860FA20C860400008614B2001
:10BBF000C000106328200E6548660620886633481A
:10BC00003149224A81603249803A11612F49314AD3
:10BC100080318A62304ACA62304981613049C162EA
:10BC200030490163294930484031886130492F4803
:10BC3000886026492F48803948602F484863234947
:10BC40002E48C039C8602F482D4AC2631F4A2E4B68
:10BC5000403A13632D4B8B621C4B2D49803BD963BB
:10BC60002C49D9602C4941632C49D1602C4981630E
:10BC70002C4901632C489863FFF74CFA0120FFF729
:10BC80004FFAF8BD6468FF1F4A0AFF1F0004FF1F38
:10BC900088FFFF1F6E0400000466FF1F3A070000C4
:10BCA00080C3C9019A02000050C30000280A0000A6
:10BCB0006A180000204E0000F009FF1F004000112C
:10BCC000DC05000040420F002D42FF1F0001FF1F56
:10BCD0002926FF1F8F5BFF1F6D5EFF1F3523FF1F90
:10BCE000C924FF1F5123FF1F0523FF1FB1B80011F7
:10BCF0000002FF1F693AFF1FB13FFF1F7529FF1F99
:10BD000081B400110000FF1F154FFF1FC93CFF1F2A
:10BD1000A545FF1F013DFF1F5D29FF1FBD3AFF1F06
:10BD2000CDB900113D28FF1F014DFF1F70B504461E
:10BD3000FF30FF300230406F0D46012812D1282D10
:10BD400010D1A420005BE188401A1D4980B28842CE
:10BD500008D321466A3105220E46481FFFF7E6F94F
:10BD6000002818D017490020820052185278002A63
:10BD700016D0401CC0B21028F6D313480121890206
:10BD80000078FFF779F920790101104809188979BD
:10BD900002290DD00FE031462046FFF7CDF970BDE6
:10BDA00080002379421853800D5401205070E4E73D
:10BDB0004178491E41702046FFF7C4F970BD00006C
:10BDC000FF7F00001C99FF1F1B09FF1F300DFF1F85
:10BDD000F0B5054687B0E03004902846A0300390C7
:10BDE00040380590092080012E462818FF36E1369C
:10BDF000029030462030EF1DF9372C4680340190F8
:10BE0000AAE1E07A801E0300FFF71EF91A0E38221D
:10BE1000396BF538BF3892CFA93838383838FFF346
:10BE2000F2F1F03838EFEE38A07A012803D0284636
:10BE3000FFF78EF912E0CB488078002801D0162158
:10BE40003BE1608A401E0004000C60826FD081E1FB
:10BE5000A07A012804D02846FFF780F9A07279E182
:10BE6000C048C0780028ECD02846FFF77DF92A4664
:10BE700029462879C832C031FFF77CF96CE1A07AF5
:10BE8000012813D00498C07D012821D00498007E99
:10BE9000002879D02A4629462846D732B031E730E3
:10BEA000FFF76EF904990120C87555E1AD48C078D7
:10BEB000002805D00399012088710020E0673860D0
:10BEC000B8790128BDD106212846FFF75FF943E183
:10BED0002846FFF761F90128B9D10020B871012087
:10BEE000BCE7A07A012803D02846FFF75BF9B5E745
:10BEF0009C48C0780028A4D0E88C68842846FFF7C6
:10BF000033F905990120C8762071387901282879FC
:10BF100009D001220021FFF74BF900203871387257
:10BF2000F871B87118E10021FFF748F9F5E7C3E0AF
:10BF3000A07A012805D02846FFF746F9012807D046
:10BF400008E1F8790128BDD12846FFF70DF903E192
:10BF50000020F871039988710120A072FCE0A07A9A
:10BF6000012804D079792846FFF734F976E77D482F
:10BF7000C178002906D0039A00219171059A012108
:10BF8000D1762171807849E09BE0A07A012803D026
:10BF90002846FFF725F961E77248C0780028AAD043
:10BFA00001203873E88C6884CEE7A07A012805D098
:10BFB0000120F8752846FFF719F94FE7787D012829
:10BFC00006D0608A401E0004000C608214D0C1E0DC
:10BFD000B87D0128B8D1B88B00907B8B3A7E297947
:10BFE0000020FFF709F9AFE79CE07FE048E03AE086
:10BFF00028E016E009E0A8E0B88B00907B8B3A7E41
:10C0000029792220FFF7F8F856E0A07A012803D01A
:10C010002846FFF7F7F821E75248C078002893D167
:10C020000FE7A07A012806D02846FFF7F1F8A072A2
:10C03000002070748EE04B48C0780028F0D00120BA
:10C04000707481E7A07A012803D02846FFF7E6F84C
:10C0500004E74448C0780028E2D0002030742879F2
:10C06000FFF7E2F870E7A07A012803D02846FFF72F
:10C07000E1F836E03B48C0780028D1D0012018E034
:10C08000A07A012807D0707FB17F08401BD04107FC
:10C090001DD5042020E03348C0780028C0D0019985
:10C0A0000020C871019A012111722F4909790129D3
:10C0B00099D10199087247E722212846FFF7C0F875
:10C0C000012007B0F0BD707E7075B07E05E080077E
:10C0D00001D5022000E001207075B0752846FFF7F9
:10C0E000B5F8A07201990020087233E0A07A012807
:10C0F00007D02846FFF7B0F8A07202990120087611
:10C1000028E01848C07800289BD1608A401E0004AF
:10C11000000C60821ED11548042200212818FFF768
:10C12000A1F8C9E7A07A012803D02846FFF7A0F8B4
:10C1300094E60C48C07800280ED0029900200876BA
:10C140000299C875FFF79AF8FEE62846FFF79CF8B3
:10C15000012887D00020B4E7E07B002800D050E61B
:10C16000AFE70000E010FF1F6468FF1F56020000E9
:10C17000124811490160124981601049114A403149
:10C180004A61124B104A5A61114AC262114A8263D3
:10C19000114A8A60114A42630C4A1148403A1062BF
:10C1A000104888611048094AC86110484032D0617F
:10C1B0000F48086270470000E9B700114000FF1FF8
:10C1C000F1B50011394EFF1F3D4DFF1F4002FF1F0B
:10C1D0009D3BFF1FE939FF1F2DBD0011D1BD00118F
:10C1E0001D3EFF1FBD29FF1F7D3BFF1F2548FF1F71
:10C1F000A13CFF1F0A7802708A7842704A88120AAE
:10C2000082700979C170042070470A780270098829
:10C21000090A41700220704710B500220EE0930019
:10C220005B189C7804705C88521C240A44701C794A
:10C2300084709B88D2B21B0AC370001D0B78934296
:10C24000EDD81806800D10BDF8B50D4606464978A4
:10C25000012031700024761C16E06978012917D07E
:10C260001221614349198A7832704A88871C120A60
:10C270007270B61C10223046091DFEF727FF1037DA
:10C28000B8B21036641CE4B22978A142E5D8F8BDF2
:10C29000A10049198A7832704A88871C120A727084
:10C2A000B61C02223046091DFEF710FFBF1CB8B2B3
:10C2B000B61CE7E710B50C46097801702188090A19
:10C2C00041706288211D801CFEF700FF6088801C81
:10C2D00080B210BD10B50C46097801702188090A9A
:10C2E0004170A17881706188090AC170A288A11D7E
:10C2F000001DFEF7EBFEA088001D80B210BD10B53A
:10C300000C460A88891CFEF7E1FE208810BD10B596
:10C310000B788A7802705343DCB22246401C091D18
:10C32000FEF7D4FE601C10BD10B50B788A78027041
:10C330005343DCB22246401C091DFEF7C7FE601CB9
:10C3400010BD10B50C460A88891CFEF7BFFE208878
:10C3500010BD10B50C460A88891CFEF7B7FE208870
:10C3600010BD7FB515460446022901D0102903D11E
:10C37000022B04D0102B02D0002004B070BD9942D3
:10C3800002D10A46294607E01029694607D000F085
:10C390000DF8102269462846FEF7C8FEEDE7104664
:10C3A00000F004F8102269462046F5E770B50C4607
:10C3B00005000CD0002C0AD0102206492046FEF7BA
:10C3C00085FE2878207368786073012070BD002096
:10C3D00070BD00008C0B011110B50B460122024903
:10C3E00001F018FD10BD0000F5C1001170B5064642
:10C3F00008880C46172812D30B46032209493046F9
:10C4000001F008FD050008D1074920880988884205
:10C4100000D20146304600F0D1F9284670BD022016
:10C4200070BD00000BC200110469FF1F10B500238E
:10C430001922194601F0EEFC10BD000010B50A7873
:10C44000002A05D00B460722024901F0E3FC10BD8B
:10C45000022010BD19C2001110B54A78012A01D07E
:10C46000022A08D10A78002A05D00B460522034982
:10C4700001F0D0FC10BD022010BD000049C2001127
:10C48000024940008968085A70470000F868FF1F99
:10C4900010B50B461B22024901F0BCFC10BD000088
:10C4A000B5C2001110B50649002089681723054A56
:10C4B00002E044000B53401C1478A042F9DB10BD8D
:10C4C000F868FF1FD069FF1F002801D0102801D98C
:10C4D000022070470148816000207047F868FF1F04
:10C4E0000098022B01D00420704711785278120274
:10C4F00089180180002070470098012B01D004208A
:10C500007047117801700020704770B5049C1E467A
:10C510001546062B1BD3697828780902401820801D
:10C52000E978A87809024018608002222271291D4A
:10C53000601DFEF7CBFDB61FB2B22281F02A06D8ED
:10C540002046A91D0A30FEF7C1FD002070BD042061
:10C5500070BD0098042B01D00420704753781178E7
:10C560001B02C91801809178D27812028918418083
:10C5700000207047F8B584890D460646002C26D069
:10C58000B2681778380620D50C2C20D90C3CA4B200
:10C590001019009001217088234601F0D4FB002877
:10C5A00011D0022028707806C00F6870B806800E7F
:10C5B000A870641E2004000CA88001D0B068401C44
:10C5C000A8600020F8BD0120ECE70020EAE7012088
:10C5D000F8BD10B502981146042B14D34C780A7894
:10C5E000240212190280CC788A782402121942801F
:10C5F0001B1F9AB28280F22A05D8801D091DFEF702
:10C6000065FD002010BD042010BD0098042B01D052
:10C6100004207047537811781B02C9180180917863
:10C62000D2781202891841800020704710B5029814
:10C630001146062B03D0142B03D0042010BD022278
:10C6400000E0102202714B780A781B02D218028097
:10C65000CB788A781B02D21842800279401D091DCE
:10C66000FEF734FD002010BD30B5039CD80718D16B
:10C67000D805010E022914D30B488088814210D8B6
:10C68000F6200155002008E0557813782D025B193B
:10C690004500401C6353C0B2921C8842F4D3002072
:10C6A00030BD042030BD0000F868FF1F0098022B49
:10C6B00001D0042070471178527812028918018045
:10C6C0000020704770B5144602460498022B18D318
:10C6D000667825783602AD1905800546E0352A765C
:10C6E0006976002A0BD0E8219B1E9AB242808A42CA
:10C6F00007D8A11C001DFEF7E9FC002070BDF42145
:10C70000F2E7042070BD000010B50B461722024965
:10C7100001F080FB10BD0000D5C2001110B50B4622
:10C720000D22024901F076FB10BD0000FFC200118E
:10C7300010B50A78002A05D00B461122024901F0F3
:10C7400069FB10BD022010BD0FC3001110B50A789F
:10C75000002A05D00B460922024901F05BFB10BDFF
:10C76000022010BD29C3001110B50B460F2202494B
:10C7700001F050FB10BD000043C3001110B50B4683
:10C780000B22024901F046FB10BD000053C300110B
:10C79000F72800D9F720084A01461080401EC31729
:10C7A0009B0F18188003000C5080491EC80F4018BA
:10C7B000C003000C90807047F868FF1F034A13887D
:10C7C000994202D89268400011527047F868FF1FE2
:10C7D00010B500231322194601F01CFB10BD000008
:10C7E00070B50C460146032000020A1A00253448A1
:10C7F0001300FEF729FC1D1012151C1F2326282CE0
:10C80000303234383A3C3E40424446484A4E505218
:10C810005A5456585A00C07911E01022294902E0B2
:10C820002849102210312046FEF750FC45E0C06A2E
:10C83000206042E0224906223C31F4E70078207073
:10C840003BE0808936E01E4942784231EBE71D49E2
:10C8500082781F39E7E7007AF1E7407AEFE7184975
:10C8600006223031DFE7807AE9E7C07AE7E7C0895E
:10C8700020E0808A1EE0C0781CE0C08A1AE0008BAD
:10C8800018E0408B16E0808B14E00D49062236310B
:10C89000C9E7C08B0EE0008C0CE0408C0AE0807988
:10C8A000CDE7008A06E0408A04E0272904D2084642
:10C8B00000F050FA208000E00225284670BD0000FC
:10C8C0000067FF1FB193FF1F70B50E4C002560710C
:10C8D000A571691EE18100F075FB0420E071102252
:10C8E00000210948FEF7BEFC074810220021103045
:10C8F000FEF7B8FCE562257265720720A072E5724A
:10C9000070BD00000067FF1FB193FF1FFEB53B4DD8
:10C910000C4608040CD56879FEF7BCFC050004D071
:10C9200001F064FF2846FEF7BBFC0120C00360E075
:10C93000600403D5012080034840FEBD2F48E10775
:10C940000126807900292AD02978002920D00528BD
:10C9500021D0297A68460170697A417027490622F8
:10C960003031801CFEF7B2FBA97A68460172E97A81
:10C9700041726946687900F005FA002808D007205E
:10C98000A871696A002903D00968002900D0884786
:10C9900020467040FEBD032069460870E4E7A10709
:10C9A0000DD5052809D1E889FEF780FCAA8A002A5E
:10C9B00003D002216879FEF765FB022019E06007C9
:10C9C00004D5002001F052FF042012E0200712D508
:10C9D0002879012802D002280AD107E00096AB8B03
:10C9E0006A8B298BE88A00F00BF801E000F05AF915
:10C9F00008206040FEBD0020FEBD00000067FF1F54
:10CA0000F8B5134C069EA579052D01D01420F8BD6C
:10CA1000104F851FBD4219D2062917D3BD1DA9424B
:10CA200014D2FF27F537BA4210D20A2B0ED3AB42ED
:10CA30000CD2E08221836283A383304601F016FF8B
:10CA400004216079FEF712FB0020F8BD1820F8BD24
:10CA50000067FF1F7A0C0000F7B50D46804900986B
:10CA6000164642187F4F00247879B9791300FEF7F3
:10CA7000EBFA190E141BE92040455970777E888F18
:10CA8000E996A2A9B4BFC8E9E9E9E9D3E900102D04
:10CA900076D11022314674486FE0102D70D1724863
:10CAA00010223146103068E0042D69D13068F862F8
:10CAB000CEE0012D64D13B7832783A70002B0AD059
:10CAC000002A07D1022903D0062901D0042901D167
:10CAD00000F016F9BCE0002A0AD0012905D003298C
:10CAE00003D0052901D0042902D10121FEF7C4FA9F
:10CAF000AEE0022D44D13088B881A9E01F2D3FD887
:10CB000058481F2200214230FEF7ACFB55482A4608
:10CB100031464230FEF7DAFA524B7D7042332A46F4
:10CB2000012112E01F2D7CD84F481F2200211F3801
:10CB3000FEF798FB4C482A4631461F38FEF7C6FAE6
:10CB4000494B2A461F3BBD700021787900F0B0FAAE
:10CB500083E0012D65D13078042862D8387277E0FF
:10CB6000012D5ED1307803285BD8787270E0062DF5
:10CB700057D13C48062231463030FEF7A7FA67E02D
:10CB80004FE0012D4DD1307807284AD8B8725FE0C8
:10CB9000012D46D13078032843D8F87258E0022D91
:10CBA0003FD13288BA82002A52D0052950D10221C1
:10CBB000FEF768FA4CE0012D33D13078012830D8E7
:10CBC000F87045E03088022D2BD1062829D3192191
:10CBD000C901884225D8F8823AE03088022D20D158
:10CBE00006281ED31921C90188421AD838832FE09C
:10CBF0003088022D15D1FF21F531884211D278837A
:10CC000026E03088022D0CD10A280AD31921C90147
:10CC1000884206D8B8831BE03178012D01D1012963
:10CC200001D0182414E00821FEF746FB002801D0AB
:10CC300016240DE0002001F019FE04217879FEF79A
:10CC400015FA05E00098272801D2022D02D002240F
:10CC50002046FEBD318800F0DBF90446F8E700000D
:10CC6000FFFCFFFF0067FF1FB193FF1F1CB50B4CBC
:10CC7000A179002901D011201CBD002800D06062DC
:10CC8000064907482C31034601910090103B0022D1
:10CC9000E179607900F016F800201CBD0067FF1FE5
:10CCA000C193FF1F10B506488179052901D01220D4
:10CCB00010BDC1891322407900F0BAF910BD0000FF
:10CCC0000067FF1FF8B51D460224069F079E0B0054
:10CCD000FEF7BAF90D1308131308131313131313E4
:10CCE0001308130000F0B2F8040006D132463946AA
:10CCF000284600F06DF900F0C5F82046F8BD0000A8
:10CD000070B5104C2168002904D00978814203D005
:10CD1000032070BD122070BD0B4D02212878FEF754
:10CD2000A5F90A480026468004212878FEF79EF9D6
:10CD3000074806802168032048700020FEF7C2FAE9
:10CD400070BD0000F869FF1F9169FF1F7469FF1F24
:10CD50000C69FF1F272803D202494000085A704778
:10CD6000014870471469FF1FFFFF000010B5044C15
:10CD70006070FEF7ADFA0521607800F0E1FE10BDAD
:10CD80009069FF1F70B5284E054630680C46002894
:10CD900001D0112070BD254801780520014216D030
:10CDA00023488068002805D00078002802D0C807F2
:10CDB00006D101E0102070BD00F044F8002808D032
:10CDC0002078032805D0022803D0002801D01220A3
:10CDD00070BD0C20FEF782FA3060002820D005706C
:10CDE000002141700A222146801CFEF76FF901F0F4
:10CDF000D1FD040002D001F0DBF812E00D4800780C
:10CE000003280ED11D20FFF7A5FF0B49002808803D
:10CE100007D00B48094A04210078FEF765FA00E0C4
:10CE20001324204670BD0000F869FF1F0969FF1F29
:10CE30007469FF1F0A69FF1F0C69FF1F60EA000089
:10CE40009169FF1F10B503F0CFFC10BD70B50C4603
:10CE500005461C2200210948FEF704FA084805701F
:10CE60004470FEF747FA0549002803D000200870F7
:10CE7000122070BD01220A7070BD00007C99FF1F56
:10CE80000869FF1F70B50F4C0025A068002802D06C
:10CE9000FEF736FAA560E068002802D0FEF730FA07
:10CEA000E560094805210078084206D005481030A1
:10CEB00001F098FB01F01EF870BD002001F092FB1C
:10CEC000002070BD7469FF1F0969FF1FFEB5394D51
:10CED0000C46080419D56878FEF7DCF90121C9036E
:10CEE0004C40064600280ED001F0B8FA002807D1C1
:10CEF0002878FF2804D03146FEF708FA002802D02F
:10CF00003046FEF7CDF92046FEBDE0070127002898
:10CF10000AD0A868002804D04168002901D0002068
:10CF2000884720467840FEBDA00709D568680028DC
:10CF300004D04168002901D001208847022035E053
:10CF4000600729D51C4E308800281FD0401E0004E1
:10CF5000000C30801ED101F0A1F8002809D017483C
:10CF600007706868002804D04168002901D00120BA
:10CF7000884701F06DF8694600F076FE684601F0DA
:10CF800057FA1D20FFF7E6FE308003E004216878A1
:10CF9000FEF76CF8042009E0200709D5FEF736F803
:10CFA000074900200870FEF73DF808206040FEBDEC
:10CFB0000020FEBD9069FF1F0C69FF1F0B69FF1F5A
:10CFC0006468FF1F01490870704700009069FF1FE7
:10CFD00070B50E4C0B46261D07C6054610220021D3
:10CFE0001846FEF799F9012803D11021A06803F033
:10CFF000B9FC102200212846FEF78EF9012803D142
:10D000001021606803F0AEFC70BD00007C99FF1F2A
:10D01000272807D2044A914204D0044A4000115202
:10D020000020704702207047FFFF00001469FF1FB7
:10D03000F8B50D4617461D4906461B4A1224886856
:10D04000954208D100282DD00268002A2AD029460E
:10D050003046904723E0144A521C954213D10028D1
:10D0600007D00268002A04D02946304690470400C1
:10D0700005D03946304600F017FF040012D10B48A6
:10D08000067047700EE0284603F03EFB002809D0EA
:10D090000078B04205D139462846FEF743F90446E8
:10D0A00000E003242046F8BDFEFF00006469FF1F76
:10D0B000F8B50E46014619481546007805221F4668
:10D0C000104028D0304326D01548012E1BD0C4680C
:10D0D000002C20D01F2D18D8002D01D0002F14D0E7
:10D0E00001701F220021601CFEF7BCF82A46394659
:10D0F000601CFDF7EBFF28462570002E07D0611C51
:10D10000FEF716F9F8BD8468E2E70220F8BD611C5D
:10D11000FEF714F9F8BD1220F8BD00000969FF1FE1
:10D120007469FF1F014610B50020C90704D0034AE7
:10D130000421034800F0A6F910BD00006C0B01119A
:10D140003866FF1F70B50F4D0F4CA8702946183177
:10D15000204600F01DF8002128460B461030CA007A
:10D1600084521218491C09065360090EF7D0012099
:10D1700002F024FBA87800F025FB044803F04AFBEA
:10D1800070BD00001866FF1FFFFF0000C5EF001113
:10D1900070B50A4C0025A04209D1002082008C52B3
:10D1A0005218401CC0B295700228F7D370BD01F030
:10D1B000D8FE0028FAD00480857070BDFFFF000003
:10D1C000F8B50E460746069900240798002902D0B4
:10D1D0000B242046F8BD022B01D00D24F9E711786D
:10D1E0005278120289188DB22946814301D08024D9
:10D1F000EFE73846F16800F03DF9A842E9D02A4649
:10D200003846F16800F0A8F90400E2D171892A4695
:10D21000384600F065F9DCE770B50C46080412D515
:10D220000A488078FEF736F8050008D02878B0283C
:10D2300002D1284601F0B2FF2846FEF731F801205E
:10D24000C003604070BD002070BD00001866FF1F65
:10D25000FFB587B0087A0025109E1C460F46C00611
:10D260000DD5099801F076FE030006D00A22394652
:10D2700007989847050035D101E00E2532E038784F
:10D2800002281DD178682922017840781202000214
:10D29000081880B2811A90427ED009DC7249401A87
:10D2A00023D0012821D0022851D0032808D125E01D
:10D2B000012972D0022971D003296DD004296ED0C2
:10D2C000099801F06FFE0028D7D00568002DD4D052
:10D2D00012991198019100903346224639460798D9
:10D2E000A847054628460BB0F0BD1198002873D119
:10D2F000F868017831800278416897E01198002839
:10D300006AD101203080F868002100782070788987
:10D31000401C80B200F04EF900280FD0318802780E
:10D320008918891C3180817A61704189090AA1704C
:10D3300002784168E01CFDF7C9FED3E7308804227B
:10D34000001D30800021601CFDF78CFFCAE711989A
:10D35000002872D1F86804A9008800900420308069
:10D36000009820700098000A6070009800F022F980
:10D37000070028D0F86805906846028A03AB3B494D
:10D38000384600F06FF900280FD13B780221384869
:10D390007A68FEF7E6FF03E027E031E01DE049E0B0
:10D3A000002802D1401E694688810598007802282D
:10D3B0000CD1059802224168201DFDF787FE3088B8
:10D3C000801C308002E06946009888816846808928
:10D3D000A070000AE07085E72FE0119800282CD19A
:10D3E000F968079800F046F804E01198002824D165
:10D3F000F8680088022131802070000A607071E7AF
:10D40000F868FDF7A1FF1199C0B2814210D881429E
:10D4100001D1002206E0129A8918814202D31199A3
:10D42000401AC2B23280F96811980918204682E782
:10D43000072557E71198002801D00B2552E707214F
:10D44000F868318001782170417861708178A1702D
:10D450004188090AE1700179217181796171C0887F
:10D46000000AA0713EE7000000280000FFFF000056
:10D47000020C011110B501F074FD002800D0807875
:10D4800010BD00007CB51446050019D06846019512
:10D49000018000F09DF903001DD1002C1BD06D8987
:10D4A000002D0DD00C20FDF719FF00280AD0002315
:10D4B00003608580094A84609168002904D006E0F1
:10D4C000022308E0132306E0906004E011460A6896
:10D4D000002AFBD1086018467CBD00001866FF1FBB
:10D4E000F8B50C4C0746207815460E46FF280FD09D
:10D4F0000A20FDF72FFF01000AD0B120087000209C
:10D50000487008714F80CE800D812078FDF7FEFEB7
:10D51000F8BD00001866FF1FFFB583B008461F4620
:10D5200001A90C9E00F046F8050012D068468088DC
:10D5300001F038FD00280AD04468002C07D000967E
:10D540003B462946059A0398A04707B0F0BD0E2038
:10D55000FBE70120F9E7000070B514460E460546CA
:10D5600001F0FFFC002806D13146054801F0F9FC26
:10D57000002803D005808470002070BD112070BD8C
:10D58000FFFF000010B50178B0290BD141780029C8
:10D5900008D10179122906D01B2903D14088012125
:10D5A00000F04AFA10BDFF210231095C0129F5D0D3
:10D5B00010BD0000F0B58C4610494B6819E09F681B
:10D5C0007C89A04214D39E883119814210D900224F
:10D5D0000CE011017D186989814205D1604600285F
:10D5E00000D004802846F0BD521C92B29642F0D87A
:10D5F0001B68002BE3D10020F0BD0000A869FF1FCD
:10D60000FFB5174881B00A9F446824E000251EE05A
:10D61000A0682901461870890199884215D302999A
:10D62000884212D80498002807D031787068049B8B
:10D63000039AFEF796FE002807D0002F02D0A068BC
:10D6400040893880304605B0F0BD6D1CADB2A08871
:10D65000A842DDD82468002CD8D10020F3E70000D0
:10D66000A869FF1FFEB5174600256A469580044647
:10D6700040891D4A1E46904208D001AA0092401CD3
:10D68000237880B26268FFF7BBFF0546237802214A
:10D6900016486268FEF765FE002807D1237802214C
:10D6A00013486268FEF75DFE002801D060890EE035
:10D6B000237802210F486268FEF753FE00280DD040
:10D6C000002D03D068468088B84203D0384602F067
:10D6D0007FF904E06889401E80B200E06089002E76
:10D6E00000D030802846FEBDFFFF0000000C011175
:10D6F000020C0111060C011110B505490870042136
:10D7000000F01EFA00F006F8FEF7CCFE10BD000097
:10D71000B469FF1FF8B50F4D0D4B00206E1C1C782F
:10D72000FF2209E09F688100C91900280ED00E80F1
:10D73000CA70401C8A70C0B2A042F3D3064801F000
:10D74000FBFB064803F066F80020F8BD0D80EFE70C
:10D75000A869FF1FFEFF0000E9F8001169F8001139
:10D76000F8B50D4614460646694601F041FA1728F9
:10D770000CD0002C06D001221021304602F09EFF72
:10D78000002803D129463046FEF782FEF8BD00008E
:10D7900070B50C46080411D509480078FDF77AFDEC
:10D7A000050007D00178A02901D101F069FB2846C6
:10D7B000FDF776FD0120C003604070BD002070BD04
:10D7C000B469FF1F0149487070470000A869FF1F36
:10D7D00070B50546008800281DD0686802210378CE
:10D7E00042682248FEF7BDFD002808D16868022182
:10D7F000037842681E48FEF7B4FD00280BD01D4C8C
:10D800006088002805D0012229881204101A81425C
:10D8100003D9012070BD022070BD0C20FDF75EFD14
:10D82000060001D000200BE0132070BD01016B68E1
:10D8300062880A315A526188491C401C618080B25A
:10D8400029888142F2D80020306008222946301D04
:10D85000FDF73CFC6068002802D1666004E00846E1
:10D8600001680029FBD10660002070BD000C011189
:10D87000020C0111A869FF1F0649496806E08A6881
:10D880005289824201D18888704709680029F6D1FF
:10D8900000207047A869FF1F10B50C460321FDF753
:10D8A0005FFD214600F0B4F910BD10B514221142FD
:10D8B00001D0012202E04A0604D50022102102F024
:10D8C000FDFE10BDC80701D0002010BD022010BD14
:10D8D00010B514468A0604D50122102102F0EEFE8E
:10D8E00010BD882211420ED008220A40102102F0F9
:10D8F000E5FE00280BD0E034617E0029F0D0217EC7
:10D900000129EDD103E0880701D4032010BD0020D8
:10D9100010BD0000014610B50020C90704D0034A1D
:10D9200007210348FFF7AEFD10BD0000800B011179
:10D930008C66FF1F70B50D46164600241D49030076
:10D94000FDF782FB08051234341934222934152DD1
:10D9500023D8162200211848FDF784FC2A463146B8
:10D960001548FDF7B3FB22E0022D16D111491088AE
:10D97000103908801BE0082D0FD10E4808223146CF
:10D980000838FDF7F3FC12E0012D06D1CA690949F8
:10D990003078283107E0012D01D0182407E0CA6B48
:10D9A00004493078483102F0DAF800E002242046D9
:10D9B00070BD00008C66FF1F7C93FF1F0B78037007
:10D9C0000B8802221B0A43700B88801C012B02D09B
:10D9D000022B07D011E08A7802704988090A417049
:10D9E00004220AE08A7802704A88120A42700A7990
:10D9F00082708988090AC1700622104670470000AB
:10DA000008B5044B009313460A46012102F086FD37
:10DA100008BD0000BDD900111CB50323019200937D
:10DA20000A46024B122102F0A9FD1CBDE1FD0011C6
:10DA300010B5FDF7A1FC10BD13B50448007801280E
:10DA400003D101AA6946FDF79DFC1CBDC069FF1FFB
:10DA500070B51049104A087000210B468C00491C13
:10DA6000C9B213530429F9D30B4C00211034FF26FB
:10DA70000A460A256A4315196B80491CA354C9B28A
:10DA80006E720329F4D3FDF783FC02F0F7FC02F079
:10DA900071FE70BDC169FF1F9899FF1F082A01D050
:10DAA000012070474B780A781B02D2180280CB788D
:10DAB0008A781B02D21842804B790A791B02D2184D
:10DAC00082808A79C97909025118C1800020704783
:10DAD00070B50C46080411D509480078FDF7DAFB4B
:10DAE000050007D00178902901D102F029FC2846D1
:10DAF000FDF7D6FB0120C003604070BD002070BD63
:10DB0000C169FF1F70B50C490978884213D20B4CCC
:10DB100006016068002585533018858160683018DB
:10DB20008580606830188068002804D0FDF736FCD6
:10DB300060683018856070BDD069FF1FC469FF1F21
:10DB4000072907D0052905D0042903D0062901D0CB
:10DB500002207047044A8B009A181346403B1986EE
:10DB6000203A9074002070479899FF1FF8B5194922
:10DB7000097888422DD25C21174C4843A16805469C
:10DB80004018002640300674A068281840304674BB
:10DB9000A068281840300676A0682818406D002834
:10DBA00004D0FDF7FBFBA068281846650027A06895
:10DBB000FE00281880194068002806D0FDF7EEFB0B
:10DBC000A16800206918891948607F1CFFB20A2FDC
:10DBD000EDD3F8BDD069FF1FC469FF1F70B50A8877
:10DBE0000C460546072A07D0052A05D0042A03D08B
:10DBF000062A01D0022070BD012102F03DFE00285E
:10DC000004D02146284602F001F970BD142070BDF1
:10DC10001CB504460D480129017003D00020FDF712
:10DC2000C3FB1CBD69460020FDF7C6FC6846818821
:10DC30002046FDF795FB04460120FDF7B5FB0023C8
:10DC4000224619461846FDF7B5FB1CBDC069FF1FEB
:10DC500010B5001D80B2FDF7B3FB002803D00321EF
:10DC6000C943FDF7B3FB10BD38B50C46050014D011
:10DC7000002C12D00321684602F074FE69468878B1
:10DC800040218006800E0843694688702246284657
:10DC900002F03AFF050002D006E0022038BD032260
:10DCA0006946E01CFDF712FA284638BDF7B58EB07C
:10DCB0000E9815460E4600282DD0002D2BD0301D75
:10DCC000C0B20190FDF70AFB040039D000F0CCF996
:10DCD00007463246201D0E99FDF77EFBF8B20890EC
:10DCE000E0703804000E0B90A0703802000E0A900D
:10DCF00060703F0E277000F0B1F90146102202A8B3
:10DD0000FDF76AFB06AB214602A8019A02F052FE1B
:10DD1000060003D010E0022011B0F0BD0898287072
:10DD20000B9868700A98A870EF70082206A9281D41
:10DD3000FDF752FB00F09EF92046FDF7E1FA00E006
:10DD400013263046E8E7FFB58DB00F98169C0E46B7
:10DD5000002815D0002C13D00D9802F0D5FC05003A
:10DD600011D06178207809024018A178E27809047E
:10DD7000120689184718286AB84206D3401C04D0F6
:10DD8000022011B0F0BD1420FBE7002E04D028794A
:10DD9000800701D40120F4E70822002106A8FDF73E
:10DDA00061FA1098001DC0B20190FDF797FA0600C5
:10DDB00017D0301D109A0F99FDF70EFB0422214653
:10DDC0003046FDF709FB1022A91802A8FDF704FB55
:10DDD00006AB314602A8019A02F0ECFD050002D024
:10DDE00013E01320CDE7082206A908A8FDF7F4FAEE
:10DDF0000822211D08A8FDF799F9012801D0012565
:10DE000003E039460D9800F01BFE3046FDF778FA26
:10DE10002846B6E7FFB583B016460F461B2A01D049
:10DE2000522E04D10398FDF7DDFA00281BD01D49BE
:10DE3000039889684000085AFFF70AFF04002DD0B4
:10DE40000125601C2670002F03D00699B847401C9E
:10DE500085B2300613D51021039802F00DFD00287D
:10DE600004D0192616E0132007B0F0BD6219E9B2FC
:10DE70002046FFF71BFF06000CD10C35ADB2042184
:10DE8000684601800194058169460398FFF7A6FE64
:10DE9000060004D02046FDF781FA00E01326304644
:10DEA000E2E70000F868FF1F10B50C4602F044FCE2
:10DEB000002804D040882146FDF734FA10BD122016
:10DEC00010BD0022002913D0002811D0012806D04F
:10DED0004A799206920E4A71032805D007E04879E4
:10DEE000C0221043487102E0402002434A710122DF
:10DEF0001046704770B51248002500780521084289
:10DF00001BD02020FDF7EAF90E4C0028A06013D0AA
:10DF100020220021FDF7A6F92020FDF7DFF9E060BF
:10DF2000002804D020220021FDF79CF905E0A0681C
:10DF3000FDF7E6F90020A0601325284670BD00001B
:10DF40000969FF1F7469FF1F002909D0012807D143
:10DF5000497989098901C02902D0402901D00220CC
:10DF6000704703207047FFB500200E4608701AE086
:10DF70001C5C401CC5B2002C17D02819904214D844
:10DF80005F5D6D1CEDB2384600F083FD002806D0C1
:10DF9000641EE0B2307000998F4202D1581904B06B
:10DFA000F0BD4019C0B29042E2D30020F7E7000074
:10DFB00010B5044C2068002803D0FDF7A1F900201B
:10DFC000206010BDF869FF1F70B5104D8400E8682F
:10DFD0000059002819D0006A002801D0FDF790F9F7
:10DFE000E8680059406A002801D0FDF789F9E8681F
:10DFF0000059806A002801D0FDF782F9E8680059CD
:10E00000FDF77EF9E9680020085170BD6469FF1FC3
:10E0100010B5044C6068002803D0FDF771F90020AA
:10E02000606010BD6469FF1F011E044805D10449EA
:10E030008978002901D00248801D70478C99FF1F04
:10E040000869FF1F01488078704700000869FF1FBA
:10E0500001484068704700007C99FF1F01488068B4
:10E06000704700007C99FF1F0148C0680068704736
:10E070007C99FF1F10B50748C0680168491C016002
:10E0800005480078FF2803D001218903FCF7F4FF3D
:10E0900010BD00007C99FF1F0869FF1F02484068FF
:10E0A000002800D001207047F469FF1F10B5818857
:10E0B0001F4B0124CA1A994237D011DC1D4BCA1AD2
:10E0C000994219D007DC1C4A8A1810D0022A1ED0A7
:10E0D000032A29D11BE0472A27D0482A24D124E04B
:10E0E0001300FCF7B1FF06212222222222218068A0
:10E0F000007800F08FFC08E0806882784178120296
:10E10000891889B2007800F0E5FC04460DE0094A60
:10E11000921E914201D1012200E000228068017824
:10E12000104600F0BFFC00E00024204610BD0000B7
:10E13000532000000A200000FADFFFFF70B51A4DDF
:10E140001A4A0146002628781268194C01290CD079
:10E15000002A09D017490978490705D50221FCF79B
:10E1600085FF6680FFF724FF70BD6188002903D01A
:10E17000114B1B78002B05D0002AF5D01078FEF744
:10E18000BFFD70BD3C2902D33C39618070BD0221C6
:10E19000FCF76CFF62887D20C00042430221287892
:10E1A000FCF770FF668070BD9169FF1FF869FF1F63
:10E1B0007469FF1F0969FF1F0B69FF1F10B5827883
:10E1C000012412490D2A13D006DC012A18D0022A94
:10E1D00009D0032A04D116E0152A02D0162A00D04D
:10E1E0000024204610BD89680029FAD0496803E060
:10E1F000C9680029F5D009680029F2D08847F0E7FE
:10E2000000F010F8EDE700F003F8EAE79069FF1F6F
:10E2100008B5418900910389C2888188C07800F0DF
:10E2200077FB08BDF0B504468088A12189004843EA
:10E23000304987B009684018FF30FF300230A179BB
:10E240004167002C54D02C4D6868002823D00678F4
:10E250002A480068002804D04168002901D0002025
:10E2600088472146E07908310591FFF76DFEE0719E
:10E270000246277D638A218AE089019002A88AC02C
:10E28000A0880090E0783146059B02F01DFBE07805
:10E29000002802D00DE01A48D9E7E079E2896B4600
:10E2A000059907C3A379A1880122304602F0CCF971
:10E2B000E0706868002811D0FFF7AAFE28780028CF
:10E2C0000CD06978FFF7F0FD002807D0E078A2882D
:10E2D0000346297802F025FB00202870A08817212A
:10E2E000FEF76CFAA088FFF70DFCA088FFF73EFC54
:10E2F00007B0F0BD3409FF1F6469FF1F9469FF1F59
:10E300000869FF1F70B504460025808802F0FCF9FB
:10E31000002803D00578A08802F092FA134E3078D6
:10E32000002808D0854206D17178FFF7BDFD00288E
:10E3300009D000203070002D05D0A379A288A078E4
:10E34000294602F0EEFAA088F268810051580029AF
:10E3500001D0FFF739FEA0881721FEF72FFAA08819
:10E36000FFF7D0FBA088FFF701FC70BD6469FF1FB9
:10E3700070B58288294D0124531B2949AA4242D0F5
:10E3800019DC284D531BAA4218D00BDC264BD2189F
:10E3900026D0254B1033D2181ED0032A17D0042ABA
:10E3A00039D10BE0012B09D0022B07D0032B21D050
:10E3B000042B30D11AE0433B072B2CD849680029A5
:10E3C0002AD00968002927D08847044624E08068BD
:10E3D000007800F091F81FE0806800F0E5F8F4E7BD
:10E3E0008068411C007800F0BDF8EEE783681B7878
:10E3F000002B11D0896800290ED00B6808E0014677
:10E4000010469847E1E709490968002904D04B689C
:10E41000002BF4D100E00024204670BD0E20000047
:10E420009069FF1F08200000F7EFFFFF6C69FF1FD6
:10E4300010B5094CA17800290CD001460622A01D78
:10E44000FCF744FEA11DA078FFF73BFDA01DFDF7E2
:10E4500005F810BD002010BD0869FF1F1CB522493A
:10E46000037801240A68912B02D0A22B18D124E052
:10E470004178052909D00E2904D00F2908D03E295A
:10E480000ED116E0FFF774FF15E0FFF73BFF20E029
:10E4900001468088154B0124C31803D0062B01D0F8
:10E4A000002416E0002A14D05268002A11D09047A8
:10E4B00001E0FFF783FE04460BE00D4909780429CB
:10E4C00009D0002A05D05268002A02D00146094826
:10E4D000904720461CBD00216A4611800179408882
:10E4E000FFF78EFAF5E700006C69FF1FF3DFFFFF0F
:10E4F0000969FF1FFFFF0000F8B5164F0646BD1F54
:10E500002878FF2814D00A20FCF724FF04000FD03D
:10E51000D020207066700820A070A878E0700622D5
:10E520003946201DFCF7D2FD21462878FCF7EEFE87
:10E53000E87801280DD108480068002803D08068D9
:10E54000002800D080470648044A04210078FCF7E0
:10E55000CBFEF8BD0E69FF1F9469FF1F60EA000043
:10E560009169FF1F70B500240546002805D10029D8
:10E5700003D006220B48FCF7A9FD0A4810380178A1
:10E58000012907D10124002D06D000210170284661
:10E5900000F09AF9204670BD02210170FCF728FFB7
:10E5A000F8E700008C99FF1F10B50024002813D055
:10E5B00002780B49002A03D14288CA8202790A767E
:10E5C0000A78022A08D102780124002A06D0002203
:10E5D0000A70007800F078F9204610BD0322F7E7B2
:10E5E0007C99FF1F01494860704700009069FF1F38
:10E5F000F8B57C4C87780146002507266079A2791A
:10E600003B00FCF721FD0805381C3939619CD238E4
:10E61000487800285ED1734806223C30C91CFCF7BC
:10E6200055FD0120A0716278002A07D06D4B0121B1
:10E6300042336079FEF73CFD00284BD1ABE00F463A
:10E640004978002946D1F978002906D0664BA2788E
:10E650000021FEF72DFD78700AE0022A0BD001217F
:10E66000FCF72AFE002803D101216079FCF704FDA4
:10E67000787800282ED1F8BD497800292AD1032FB7
:10E6800009D0A289002A0CD0217800290AD00121C2
:10E69000FCF7F8FC06E0052A01D0022012E0062073
:10E6A00010E02570A079062802D0042802D008E0E6
:10E6B000052007E00120207001466079FCF7DCFCB2
:10E6C00069E00320A07166E048780F46002803D077
:10E6D000312832D0A6715EE042480622391D36301C
:10E6E000FCF7F4FC7889E081B8892082F88960829F
:10E6F0000520A071A28A002A03D002216079FCF7CC
:10E70000C1FCB889E083F8892084388A6084E07885
:10E7100001280AD11F20FEF71DFB7D21C9004843B7
:10E72000024604216079FCF7ADFC7A89F87804236D
:10E73000391DFCF763FE25702DE02570C1E72948DF
:10E740000E46062200213630FCF78CFDE583258439
:10E75000658404216079FCF789FC08216079FCF765
:10E7600085FCB07908280BD00320A07160780028C0
:10E770000ED02078002805D06079FEF7C1FA07E0B6
:10E780000420F2E70120207001466079FCF774FC58
:10E790000020C043E081606A002800D16BE7016877
:10E7A0000029FBD0A0798847F8BD0D460821FCF769
:10E7B0005DFC687829460028F6D1E888E08328893E
:10E7C00020844889608404216079FCF775FD002865
:10E7D000EAD1A06A0028E7D00368628C218CE08B24
:10E7E0009847F8BD0067FF1F9293FF1F10B501788F
:10E7F0001C4C912906D0A2291BD0D02901D1FFF7AA
:10E80000F7FE10BD41780E29FBD18188164A91424E
:10E81000F7D1816803200856A1790529F1D17F2815
:10E82000EFD0616A0029ECD049680029E9D0884717
:10E8300010BD41791329FBD10089012802D120792B
:10E84000022808D00520FEF785FA024608216079E3
:10E85000FCF718FC10BD08216079FCF707FCFEF7F7
:10E8600021FA10BD0067FF1F051400007CB5154C90
:10E870000546E08BE18A88420AD3218B884207D87B
:10E88000208C618B884203D1608CA18B884217D089
:10E890000520FEF75FFA0646E18A68460180218B73
:10E8A0004180618B8180A18BC18062796946E0895A
:10E8B000FFF7B2F82571324608216079FCF7E2FBD8
:10E8C0007CBD00000067FF1F70B50F4D064628781D
:10E8D000FF2818D00E20FCF73DFD040013D0D020F7
:10E8E000207066700020A07006220849E01CFCF72A
:10E8F000EDFB06481038C18A6181007E20732146F5
:10E900002878FCF703FD70BD0869FF1F8C99FF1F75
:10E91000FFB581B01E4617460D460C20FCF71AFDC8
:10E92000040013D0284601F0EFFE002810D0007834
:10E93000D0212170019961700721A170A580E78025
:10E9400026810A9961812146FCF7E0FC05B0F0BD03
:10E950000048ECE70869FF1F70B50D4D04462868B4
:10E960000E46002812D00620FCF7F4FC010009D066
:10E97000D02008704C70032088708E802868007842
:10E98000FCF7C4FC002C01D0FFF712FB70BD0000A7
:10E99000F869FF1FF0B51D4E85B03068002832D0F1
:10E9A0008778FEF74FFA002805D00A20FEF7D2F943
:10E9B00004900B200EE001F0E1F9002805D00620BC
:10E9C000FEF7C8F90490072004E00820FEF7C2F91A
:10E9D00004900920FEF7BEF904460D483168057819
:10E9E000C878091DFFF76DFA31686E46CA7A8B7ACE
:10E9F000091D0BC603922B463A4621460498FCF7A4
:10EA000003FD05B0F0BD0120FBE70000F869FF1F22
:10EA10000A69FF1F10B50949096800290CD00028B0
:10EA200005D101204870FCF74DFC002802D00021E0
:10EA3000FFF792FF012010BD002010BDF869FF1FF5
:10EA4000F8B50C4601F060FE020021D026201462C9
:10EA5000FEF780F905062D0E00D115789679D01DA8
:10EA600000901020176AFCF775FC040010D0D0202D
:10EA70002070002060700920A070E6700622201D22
:10EA80000099FCF723FB21462846E760FCF73EFC93
:10EA9000F8BD411E152903D9FF2801D00020704779
:10EAA0000120704770B50A4E054630780C46FF28A5
:10EAB0000DD00420FCF74EFC010008D0D0200870D7
:10EAC0004C7002208870CD703078FCF71FFC70BD50
:10EAD0007469FF1FF3B5284D81B0286800284AD01B
:10EAE0004078264E012803D03078002831D041E00C
:10EAF00001F044F9224F002813D00120FEF72AF933
:10EB00000446412808D91F4A02213878FCF7ECFB5B
:10EB10001D483C3C44800EE07D20C000224642431C
:10EB200003E00020FEF716F90246002A03D0022176
:10EB30003878FCF7A7FA2968022048703078002856
:10EB400002D00020307015E002990198FFF704FF11
:10EB500010E00320019CFCF7FDFB010008D0D02051
:10EB600008704C700420887028680078FCF7CEFB91
:10EB7000FFF71EFA0120FEBDF869FF1F0B69FF1F9A
:10EB80009169FF1F60EA00007469FF1F002903D02C
:10EB9000054AD160002103E002207047491CC9B238
:10EBA0008142FBD3002070476469FF1F002904D015
:10EBB000034A107000205160704702207047000027
:10EBC000A069FF1F30B5094A0021137809E0956854
:10EBD0008C002C5B844202D18800401930BD491C56
:10EBE000C9B29942F3D3002030BD0000A869FF1FCD
:10EBF00010B50C46FFF7E6FF00280DD0002C00D022
:10EC000020608078FE2803D0FF2803D0162010BD96
:10EC1000172010BD002010BD022010BDFFB581B02F
:10EC2000FF201E46174605300A9DFCF793FB0400A3
:10EC30001BD0B02020706770029860802671002D74
:10EC400006D02046FC2229460830FCF73FFA05E0B2
:10EC50002046FC2200210830FCF704FB21460198E5
:10EC6000FCF754FB002005B0F0BD1320FBE70000CB
:10EC70000548172202800988172901D2042070470D
:10EC800001800020704700000469FF1F00207047CA
:10EC900008B50A460888498888420BD8002809D058
:10ECA000002300931379521DFEF7AAFC002803D01D
:10ECB000002008BD012008BD0A2008BDF3B50D469F
:10ECC00008884988002687B0814215D3002813D0D0
:10ECD000002769460F710097002369881A46FEF7DE
:10ECE0008FFC04004FD068460079002807D06946A1
:10ECF0004979012925D008E0012009B0F0BD21782B
:10ED000002291BD002216A4651711222504301AAE6
:10ED10006189801841806846007912235843801821
:10ED20001022001D6168FCF7D1F968460079401C8B
:10ED30000106090E684601711FD11AE001216A46D9
:10ED40005171217802291ED1820001A8618912180F
:10ED500051806A4612796168920010180222001DE3
:10ED6000FCF7B4F96A461079401CC0B2107105284E
:10ED700003D261890A48814200D101266089401C82
:10ED800080B2002EA7D068460079002805D001A9DE
:10ED90000798FDF761FB0020AFE70A20ADE7000010
:10EDA000FFFF000038B50C4608884988884215D80E
:10EDB000002813D02379621D02210B48FDF7D1FAF8
:10EDC00000280DD000200090237961882088621DE2
:10EDD000FEF716FC002805D0002038BD012038BD04
:10EDE000102038BD0A2038BD000C011108B50A46B4
:10EDF0000888498888420BD8002809D0002300934E
:10EE00001379521DFEF7FCFB002803D0002008BD3B
:10EE1000012008BD0A2008BDF8B500250F460646AA
:10EE20000C46E03717E06800205A0021FEF7C2FBCD
:10EE3000002809D0017A3046FEF737FD002808D0B7
:10EE40006900615A2180F8BD6800205A20800120A5
:10EE5000F8BD6D1CEDB2B87DA842E4D80020F8BD25
:10EE600010B5044608880021FEF7A4FB002804D052
:10EE7000017A2046FEF719FD10BD012010BD0000EB
:10EE800030B585B005466946FDF774FB040026D110
:10EE900068468078C1071E4809D08268002A04D0DD
:10EEA000688869469047044619E0062417E04268DE
:10EEB000002A05D0688869469047040001D10EE019
:10EEC000062468464078002809D168468178017395
:10EED0000021C1810474688803A9FDF77DFAA86840
:10EEE000002801D0FCF75AFA002C05D1684680783A
:10EEF000122807D01B2803D068880121FEF79CFD4B
:10EF000005B030BD684640780128F5D1F8E700002B
:10EF1000B469FF1F70B505460C4608880021FEF74E
:10EF200049FB002805D0017A22462846FEF7D0FC8E
:10EF300070BD012070BD00000149486070470000AD
:10EF4000B469FF1F10B50446801C00F04DFDFF2082
:10EF5000E07010BD10B500F025F8002800D08068E2
:10EF600010BD00229300CB5A834202D1900040187A
:10EF70007047521CD2B2022AF4D30020704700001E
:10EF8000074A0021CB00D35A834202D1C80080181F
:10EF90007047491C0906090EF4D000207047000094
:10EFA0002866FF1F0649896805E08A88824201D1E8
:10EFB0008868704709680029F7D100207047000071
:10EFC0001866FF1FF8B50746012906D0022924D18B
:10EFD000012101F051FC00281FD13846FFF7D0FF76
:10EFE000050015D000240D4E0CE0F8206968604340
:10EFF00008180188002908D0F8220021FCF732F90E
:10F00000641CE4B270788442EFD30020C0432880AF
:10F01000024938461831FEF7BBF8F8BD1866FF1FE5
:10F02000F3B5064683B00830019000200090708848
:10F03000FFF7A6FF07002FD0002523E0F82079680E
:10F0400068430C182188002920D0019800780128F5
:10F050000FD160880090A3887088A21DFEF75CFA2B
:10F060000090002805D0019900200870049821889C
:10F070000180F82200212046FCF7F4F800206D1CE6
:10F080002080EDB2074840788542D7D30020C043A6
:10F0900038800098002802D17088FDF7C7F90098E1
:10F0A00005B0F0BD1866FF1FF3B50546374C0646A0
:10F0B00085B00835F62200212046FCF7D3F803A8D6
:10F0C00000902B79698828886A1DFEF799FA07460F
:10F0D00046E02F4A708812684100515C0022C91F27
:10F0E000CBB22C49029300910192284B69468A8940
:10F0F000F63B3946FEF7ACF8002812D1254829899D
:10F10000001F828891420CD120492846F6390A30E6
:10F11000FCF70CF8002804D02178788989000919B7
:10F12000488068468289698804AB3846FEF79AFAB7
:10F1300007462078810009194A88002A10D0002F3C
:10F1400005D06A46128A401C20708A800AE00106B7
:10F150000022890DD2430919401C20708A8006E0E4
:10F16000002F04D00C48217800888142B1D3207848
:10F17000002806D070882146FDF760F9002007B00E
:10F18000F0BD0698298801800A20F8E78292FF1FC7
:10F190000069FF1F1C66FF1FFA68FF1FF0B585B0EE
:10F1A000044600206946888120790E286BD00FDC48
:10F1B000082823D004DC022813D0062818D118E030
:10F1C00025460835494F0A281DD00C2810D139E0B2
:10F1D00010285DD0122860D0162863D0182879D165
:10F1E00065E044484249008808806088FDF7FEF8E1
:10F1F00070E003A92046FFF757FF5CE003A9204613
:10F2000000F080F957E0288804A9FEF7D3F901003F
:10F2100016D060883B6842009A5C354E521ED2B2CE
:10F2200000230193029200966A46B31C128AFEF7ED
:10F230000FF800281ED160883146FDF79FFA49E09B
:10F24000012017E0288804A9FEF7B4F90100F7D0DF
:10F2500060883B6842009A5C6B88521E244ED2B292
:10F260000193029200966A46B31C128AFDF7F0FFE2
:10F27000002803D029886A4691811CE060883146C5
:10F28000FDF74CFA26E003A9204600F0DDF912E074
:10F2900003A9204600F082F80DE003A9204600F003
:10F2A00049FA08E003A9204600F028F803E003A982
:10F2B0002046FFF7B5FE00280CD06178142909D04C
:10F2C0000B4922790A706A4692894A8008716088DF
:10F2D000FDF782F82046FEF755F90748C168002976
:10F2E00001D02046884705B0F0BD00000069FF1F2F
:10F2F0008292FF1FF868FF1F1866FF1FF8B50446CB
:10F300000F460546083400896946FEF753F90600A2
:10F310003AD0307A80060ED568460088FFF71AFE8C
:10F32000030006D06888122231469847060002D0B2
:10F330002BE00E2629E06E883046FFF721FE010003
:10F3400005D11448FFF71CFE01000ED00E80124AB2
:10F350000020527807E0F8264B6846439B5B002B61
:10F3600005D0401CC0B29042F5D309260DE0496893
:10F37000F822504308182146FBF7A8FE00266888AB
:10F380002146FDF7C1F902E0012620883880304689
:10F39000F8BD0000FFFF00001866FF1FF3B58BB03B
:10F3A00000200B9E0746039004A800903246337B52
:10F3B00071893089504C0D320836FEF721F9054627
:10F3C0007EE00B98297A4088FEF76FFA070003D099
:10F3D0000C986989018076E00B9848494088096853
:10F3E0004200895C464B891FC9B2009300220291FA
:10F3F0000192414B69460A8AF63B2946FDF728FFF0
:10F40000070003D00C99688908805CE00398002805
:10F4100034D03B486188001F8088021D914255D13D
:10F42000039909180B984088420034480068805AB4
:10F43000801F81424ADC0399A87A611808710398F9
:10F440006989401C80B22218090A401C117180B2DF
:10F4500003906846028A718807AB2846FEF702F9D6
:10F46000050011D003986946898B20180171039813
:10F470006946401C898B80B2090A0CE02048001FB5
:10F480008088001D6080D6E70398FF212018017155
:10F490000398401C80B222181171401C80B2184998
:10F4A0000390091F8A8814492018F639001DFBF7BC
:10F4B0000DFE13490398091F8988401880B20390F4
:10F4C000002D00D07DE7039800280CD061880398B8
:10F4D000FBF746FF20700B9821464088FDF728F97E
:10F4E00000200DB0F0BD002F00D10A270C99308804
:10F4F00008803846F5E700008292FF1F0069FF1F71
:10F500001C66FF1FF3B50746044608378BB04A4810
:10F510000490388800252E4605906CE007A80090DE
:10F520003B7979887A1D0598FEF76AF808900028DB
:10F5300054D0408905900898017A6088FEF7B5F9A3
:10F54000060060D13D49608809684200895C3C4BF7
:10F55000091FC9B20093002202910192364B6946FD
:10F560008A8BF63B0899FDF773FE06004BD1002D00
:10F5700037D0049841883248001F8088801C81421F
:10F5800043D12F4B2D491B1F988809682A18608882
:10F590004000085A001F824220DC08980499807AB3
:10F5A0004919087108996D1C4989E8B20A0A049939
:10F5B00009180A71401CC5B2194604988A881E4968
:10F5C0004019F639001DFBF781FD1D481D49001F3C
:10F5D00000792818C5B20598884209D1002D14D1A8
:10F5E00023E017480499001F8088801C4880C8E7E2
:10F5F000401C80B205906088410010480068405A65
:10F60000001FA8428ADA002D0DD0049841882846B0
:10F61000FBF7A6FE0499087060880499FDF796F838
:10F6200000200DB0F0BD002E00D10A260C980599DF
:10F6300001803046F5E700008292FF1F0069FF1F3E
:10F640001C66FF1FFFFF0000F3B5064604460020BE
:10F6500085B0354D00900836288007463046E030AA
:10F6600004904EE07800305A03A9FDF7A3FF010093
:10F670001BD060882E4B844642002C480068805C7A
:10F680000093401EC0B2002202900192264B6846B1
:10F690008289F63B6046FDF7DBFD009000280BD029
:10F6A0007800315A069801803BE0012000907800F4
:10F6B0000699305A088034E01D482988001F808848
:10F6C0000A186088430019480068C05A431E9A42CD
:10F6D00004DD401A1649091F401E88802988A81C8D
:10F6E00008181349091F8A880F49F639FBF7EEFC01
:10F6F0000F482988001F8088081828807F1C0498DC
:10F70000FFB2807DB84208D9608829884200074846
:10F710000068805A401E8142A4DB60882946FDF7BC
:10F7200023F8009807B0F0BD8292FF1F0069FF1F09
:10F730001C66FF1FF3B5054683B0044608350089F3
:10F7400001A9FDF737FF2746E8370646002822D0F3
:10F75000307A80060ED568468088FFF7FBFB0300F1
:10F7600006D06088122231469847060002D013E086
:10F770000E2611E0002000906B88298860882A1DE1
:10F78000FDF7CAFE060007D1787E002807D1608801
:10F79000FDF71EF803E00126049829880180787E91
:10F7A000002802D0002005B0F0BD3046FBE7000085
:10F7B0000149C860002070471866FF1FF8B504466D
:10F7C0000246F82042431948002507464570103785
:10F7D0007868002807D00020C100C919401C000625
:10F7E0004D60000EF8D0124E00213046FBF73AFD76
:10F7F000002001466143C9B2F82251438B190B49DD
:10F80000C200103152180021536005E0F8274F4321
:10F810005368491CDD53C9B2A142F7D3401C00060E
:10F82000000EE6D0014844700020F8BD1866FF1FA6
:10F830009490FF1F7CB50C78069D022C0FD14C686C
:10F840002678647824023419064EA4B2F44206D114
:10F850000224DBB200950194FDF7B2FC7CBD0120CF
:10F860007CBD0000FED6FFFFF8B505461D48854269
:10F8700023D0461C002921D001292BD002291CD1DC
:10F880000121284600F0F8FF002816D12846FFF78E
:10F8900099F9040011D0A078FF280ED0FE2807D0D7
:10F8A00000200090E0781E2314222946FFF7B6F9C5
:10F8B0002046FFF747FBFF20A070F8BD2846FFF762
:10F8C00081F90028F9D13046FFF77CF90028F4D0FF
:10F8D0000580F8BD2846FFF775F90400F9D02680A9
:10F8E000D9E70000FEFF0000F3B50C468978C1B0EF
:10F8F0001E2914D02E4D6878FF2829D0182927D822
:10F900004808C2002B481218803A976F002F1FD06A
:10F91000D06F00281CD02078002817D113E0419820
:10F92000FFF750F905000BD000200090A378E8788D
:10F9300000224199FFF772F906462846FFF702FBBD
:10F94000304643B0F0BD6278012A03D1122901D0BC
:10F950000620F6E702AE0096A3886178A268B84751
:10F960000028EED1A0784008C1001248081880385D
:10F97000C26F02A94198904700280FD061780029F2
:10F98000DFD1A27869460A70087168460189418012
:10F9900069464198FCF720FD0020D2E7A378042BAC
:10F9A000CFD00096002268784199FFF737F9C8E771
:10F9B000A869FF1F9C0B0111002904D0034A107095
:10F9C000002091607047022070470000A869FF1F67
:10F9D00000B50346FDF750FF002803D0C018401EB5
:10F9E00080B200BD184600BD10B5040008D02078D4
:10F9F000FF2805D0FE2803D0FBF70CFDFF20207068
:10FA000010BD0000F7B506460F461020FBF766FC58
:10FA100005461020FBF762FC0446002D3AD0002C6E
:10FA20002DD010220021FBF71DFC2A46214630462E
:10FA300000F094FF060023D12878000604D439464C
:10FA4000284600F0F3FD08E02146284600F0EEFDD0
:10FA50003A461149204601F079F83878000604D476
:10FA60003846029900F0E2FD0AE02146384600F0EF
:10FA7000DDFD09492046029A01F068F800E01326EE
:10FA80002846FBF73DFC002C02D02046FBF738FC53
:10FA90003046FEBD1326F6E7260C0111F8B5069890
:10FAA00000271D4614460E46002801D00B20F8BD45
:10FAB00030780021022801D019804DE0706802786A
:10FAC000407800021018152280B25202801A0300FA
:10FAD000FBF7BAFA0504121F1A254100F068FBF77C
:10FAE00033FCC2B20798824200D902462A80F168EC
:10FAF0002046FBF7EBFA30E0F0680221008829800D
:10FB00002070000A607028E0062028800246F16814
:10FB1000EEE701202880F068007820701DE0F06892
:10FB2000002816D008212980017821700188090A4F
:10FB300061708178A1704188090AE17001792171B1
:10FB40008188090A61718179A171C088000AE07118
:10FB500003E0298001E0298001273846F8BD10B56F
:10FB60000B78840702D50224234301E0FD242340BF
:10FB70000B7003070B7802D50824234301E0F72418
:10FB800023400B7083060B7802D52024234301E029
:10FB9000DF2423400B700A21084201D1810603D5DE
:10FBA00010780C21084304E0002803D11078F321D9
:10FBB0000840107010BD0000FFB581B00878002427
:10FBC0000A9E1F460D4602280FD1686801784078CA
:10FBD00000020818152180B24902401A09D00128F4
:10FBE00029D0022848D003283CD00124204605B063
:10FBF000F0BDE868FBF7A8FBC0B2864205D8F01953
:10FC00000090152803D90D24F0E70724EEE7E868F3
:10FC10003A4680190399FBF759FA0098EA6880B2CE
:10FC2000002111541C4840680028DFD001680029D9
:10FC3000DCD0002012E0002E12D1022BE3D1039978
:10FC4000E8680A784978090251180180124840682A
:10FC50000028CBD001680029C8D001208847C5E71B
:10FC60000B24C3E7002EFBD1062BCCD10622E8687B
:10FC70000399FBF72BFAB9E7002EF1D1012BC2D182
:10FC800003980078002803D0012801D08024ADE734
:10FC9000E9680870AAE700007C66FF1F10B50448F9
:10FCA000C16B034A40321068D06000F023F810BDE9
:10FCB0000080004010B5162801D9052010BD0C4B5E
:10FCC0009C6B01228240104620439863586B9043FE
:10FCD0005863DC6B012907D020469043D863186B2A
:10FCE00002431A63002010BD10462043F6E70000CF
:10FCF00000800040F3B5204D81B00746002401206C
:10FD0000A040384233D00299084201D0012600E0D9
:10FD10000026E0B2162810D80C22424351194A6836
:10FD2000002A03D0002E01D0012105E08A68002AB4
:10FD300003D0002E01D1002190470C2060434019D0
:10FD40004168806800290DD0002806D0002E02D01E
:10FD50000021E0B203E00121FBE7E0B20121FFF75F
:10FD6000A9FF04E0002802D0E0B20021F7E7641CFC
:10FD7000172CC4DBFEBD0000A897FF1F08B509487B
:10FD80008368002B0CD01A78694601205B1CFEF7B3
:10FD9000EAF8002804D00078C00701D0012008BD8F
:10FDA000002008BD7469FF1F10B503460B4A0020F0
:10FDB0000A21414389184988002905D0401CC0B256
:10FDC0000328F5D3002010BD0A21002441435454D8
:10FDD0000446403488184480037210BDA899FF1F60
:10FDE0000A7802700A88120A42708A7882704A88F9
:10FDF000120AC2700A7902718A88120A42718A79DB
:10FE00008271C988090AC17108207047F8B5044693
:10FE10000D4648680421FBF7D9FA297A017029892F
:10FE20000346401C090A0170297841702988090A93
:10FE30008170287A001DC2B2FB2A38D81D4884423E
:10FE400015D115461E460C20FBF784FA01000CD094
:10FE500090200870022008714C808E601648CD807A
:10FE60000078FBF753FA00271FE013271DE05C2002
:10FE70002546124E4543B06829185820405C00289A
:10FE80000BD00F480727416A491C4162B068291806
:10FE90005820405C002805D007E0204600F098F983
:10FEA0000746F3E72046FBF7BBFA3846F8BD0220C9
:10FEB000F8BD0000FEFF0000C169FF1FC469FF1FFD
:10FEC000C899FF1F10B50A4A00210A234B439B180B
:10FED0005C88002C06D01B79834203D10A20414361
:10FEE000881810BD491CC9B20329EED3002010BDEB
:10FEF000A899FF1F002141800170704770477CB5B1
:10FF000004000FD0608800280CD0002500950195D2
:10FF10001323E188207A172200F028F8FF2060726E
:10FF2000658025707CBDF8B5074615460E46102045
:10FF3000FBF710FA040017D0A0202070002060709A
:10FF40006680002D05D00C222946201DFBF7BEF847
:10FF500004E00C220021201DFBF784F921463846DD
:10FF6000FBF7D4F90020F8BD0120F8BDFFB581B042
:10FF70001E46174614200B9DFBF7ECF904001AD01F
:10FF8000A22020706770029860800A9820716671C4
:10FF9000002D06D020460C2229460830FBF796F8A3
:10FFA00005E020460C2200210830FBF75BF92146D2
:10FFB0000198FBF7ABF905B0F0BD022A1CD34B78D2
:10FFC0000A781B02D21892B20280012A02D0022AB9
:10FFD00006D00FE08A78C97809025118418009E0FB
:10FFE000CB788A781B02D21842800A7949790902B3
:10FFF000511881800020704701207047F8B50646EF
:020000041101E8
:100000004F88002070600D46097964488C4640682E
:1000100002290FD03C01025B002A06D021188B6810
:10002000002B02D06346012B7ED05D484169491CFC
:100030004161AEE0EA88042A40D3A9684C780B7885
:1000400024021B199BB20093CC788B7824021B19D5
:100050009CB20B7AC97909025918504B5980009B00
:100060001B1D9A421ED1072C11D0052C0FD0042C39
:1000700002D0062C22D10AE03901405A002806D0CD
:100080003846FDF73FFD46480169491C016100986B
:10009000308134800321C943A868FBF797F9706069
:1000A0000020F8BD072C0AD0052C08D0042C06D05F
:1000B000062C04D03A48C168491CC1606CE09A42E1
:1000C000F8D8042C0AD13901405A002806D0384605
:1000D000FDF718FD32480169491C01613E012F4FAF
:1000E00000207968885371180098888178683018E2
:1000F00084800098FDF7ACFD79687118886000284D
:1001000019D00321C943A868FBF760F90146786854
:10011000EA8830188068121FFAF7D8FF7868EA88F2
:10012000815B8918091F00E00AE081531C480168BF
:10013000491C016030E01A488169491C81612BE04B
:10014000EB88D21892B20253888982421DD88868FF
:10015000124F8018EA88A968801AFAF7B7FF786802
:10016000025B21188889824216D1308188883080CC
:100170007868211888687060002088607968085362
:1001800007484168491C416006E005488168491CF0
:1001900081603846FDF7B6FC0120F8BDC469FF1F39
:1001A000C899FF1F022A01D0012070470A784978B8
:1001B000090251180180002070470A7802704A78BD
:1001C00042708A78C978090251184180704700004E
:1001D000FFB50C4607463E49A120800009687843D8
:1001E0004018FF30C130067E89B015463846FCF70E
:1001F00047F9001DB04204D23846FCF741F9001D12
:10020000C6B2B54207D82A46002138460C9BFBF7F8
:100210000DF90DB0F0BD31462846FBF7A1F8274691
:10022000403738740C99616501467143691AC9B247
:1002300002910C9904910299002901D0401C387454
:10024000002523E00299002904D0401EA84201D1D4
:10025000084600E03046E900059103916054FDF73F
:10026000E7FB03990919486000281BD00599625CD7
:100270000499FAF72BFF0598215C0498081804905C
:100280001448C169491C6D1CEDB2C161387CA8429B
:10029000D8D8606D002803D0FBF780F80020606597
:1002A0000020B6E7002038740646606508E0F000DC
:1002B00007197868FBF772F80020761CF6B27860B0
:1002C000AE42F4D30348C16A491CC1621320A0E7BF
:1002D0003409FF1FC899FF1FF7B586B016460D46B3
:1002E0004878FFF7EFFD040010D000272771287829
:1002F000012802D0132809D105E06A88314602A8F6
:10030000FFF75BFE0AE02078032802D0002009B046
:10031000F0BD6A88314602A8FFF744FF0646204632
:1003200000F06AF902A8019000972B78207A3246F3
:100330000699FFF71BFE2046FFF7DCFD3046E6E797
:10034000FEB50446468801466846FFF757FE054657
:10035000019800282FD068460088052806D0042878
:1003600009D0062807D0072805D026E06946304680
:1003700000F030F821E081001548081801464039A6
:10038000098E002919D02038807C6A463146FFF753
:10039000CAFD002811D168460088042803D0012135
:1003A0003046FDF749FB012D04D1A068002801D09B
:1003B000FAF7F4FFFEBD012D04D1A068002801D09A
:1003C000FAF7ECFF01213046FDF736FBFEBD0000D9
:1003D0009899FF1F30B50546088987B00C46042858
:1003E00017D302A86168FFF7E8FE6846408917281E
:1003F00037D82189001D81421ED16846007AC10785
:1004000009D0626802A92846121DFFF765FF00287F
:1004100012D107B030BD6168091D122805D0002037
:1004200069460880497A6A4622E06846428903A8FC
:10043000FDF734FB002803D02846FFF75FFDE8E70F
:100440000D4881880029E4D06946497A03AA0192BF
:10045000009169460B7A807900222946FFF786FDD4
:10046000D7E701216846018017214180417A6A4619
:100470002846FDF7C5FACCE79899FF1FF8B5002488
:1004800043E0244E002570682701C5533818858144
:10049000706838188580706838188068002804D023
:1004A000FAF77CFF7068381885605C202746474360
:1004B00018488168791840310D7481687918403185
:1004C0004D748168791840310D7680683818406D18
:1004D000002805D00F4EFAF761FFB068381845655F
:1004E00000260C49F5008868381840194068002833
:1004F00007D0FAF753FF07480021806838184019E1
:100500004160761C0A2EECDB641C034800788442B0
:10051000B7DBF8BDC469FF1FD069FF1FFFB589B005
:1005200015460E461720129FFDF792FB040021D0BE
:10053000684606704570002F03D0201D0C99B847FF
:1005400000E0002069464880267065704888A070E9
:10055000010AE170052269468A82001D069488839B
:1005600005A90998FFF752FC050004D02046FAF7C8
:1005700015FF00E0132528460DB0F0BDFFB581B092
:100580001E46054601210A9F0B9C00F075F90028C4
:1005900011D02046FFF708FC00280AD0C580044689
:1005A000077012484178491C0A06120E427004D0A6
:1005B00005E015250FE014250DE00122427022719F
:1005C00000962846039B0299FFF7A8FF050005D077
:1005D0002046FFF78FFC284605B0F0BD2346214694
:1005E000034A09330348FAF727FFF4E7C469FF1FFA
:1005F00030750000FFFE001110B50446407AFAF78E
:1006000009FFFF20607210BD00280AD0102808D80A
:10061000002906D0002A04D00348826041600020EF
:100620007047022070470000C469FF1F10B5002406
:100630000F22835C5B0023438B54835C521EDC09D6
:1006400052B2002AF5DA10BDFFB581B01E4617463A
:100650000D46084600F058F8002802D0112005B0D9
:10066000F0BD154800F050F8040022D00A98A0719F
:100670000622E01D0B99FAF729FD65802771667146
:1006800001982070002060620C98E081FDF7DAFC90
:10069000282108550020FDF7C7FC01462046062208
:1006A0002930FAF713FD0021284600F0F7F8002062
:1006B000D5E71520D3E70000FFFF000070B5144612
:1006C0000D46064600F020F800280BD0416A00795C
:1006D00000290CD0C20611D580070AD4002C08D0FE
:1006E000052070BD074886420AD0142070BDC006A0
:1006F000F6D5887EA84203D20C2070BD0F2070BDB5
:10070000002070BDFEFF000030B50A4A00211378BA
:100710000CE0302455684C4364196488844203D14A
:1007200030204143481930BD491CC9B29942F0D329
:10073000002030BDD069FF1FF0B50C4B00210C4EDE
:100740001D780FE030225C684A4317197F88B74252
:1007500006D0A25C824203D1302041430819F0BD8B
:10076000491CC9B2A942EDD30020F0BDD069FF1FDA
:10077000FFFF000070B5104900200C7802460F4EB4
:100780000CE030234D6843435D196E804D685D1960
:100790002A714D685B19401CC0B25A62A042F0D366
:1007A0008B680020497803E08400401C1A51C0B2D5
:1007B0008842F9D370BD0000D069FF1FFFFF000021
:1007C00000280DD010280BD8002909D0002A07D006
:1007D000044B1870801D58709A6000205960704753
:1007E00018207047D069FF1F10B5094A00205368D0
:1007F0000146127809E030244C43E4182479002C97
:1008000001D0401CC0B2491CC9B29142F3D310BD03
:10081000D069FF1F30B5094A0021537806E095687A
:100820008C002C59002C05D0491CC9B29942F6D332
:10083000132030BD89006850002030BDD069FF1FF3
:1008400010B5FFF761FF040013D06088012100F0AC
:1008500025F8606A002801D0FAF752FD3022002105
:100860002046FAF7FFFC0020C04360800020207182
:1008700010BD022010BD000010B50C46064988428C
:1008800006D0FFF741FF002804D00079204201D0B4
:10089000012010BD002010BDFEFF0000F8B50E467F
:1008A00007460024074D09E0A968A0000A58002A5D
:1008B00002D0314638469047641CE4B268788442DE
:1008C000F2D3F8BDD069FF1FFFB581B01D461746B2
:1008D00014200E9EFAF73EFD040020D0D020207098
:1008E000019860700520A070E770002D05D00622E9
:1008F0002946201DFAF7EAFB04E006220021201D0C
:10090000FAF7B0FC0A9860810B98A0810C98E081FE
:100910000D982082A67421460298FAF7F7FC05B0DC
:10092000F0BDF8B506461C4615460F460820FAF7F6
:1009300011FD010009D0D02008704E70062088708B
:100940008D808C713846FAF7E1FCF8BD10B502468F
:10095000014620321031FAF775FD10BD10B5FAF7D7
:1009600071FD10BD70B50D46064600240AE0FAF789
:100970006FFD010A3155641CE4B2AC4202D230551D
:10098000641CE4B2AC42F2D370BD0000002903D075
:10099000002801D0102801D902207047044AD160F4
:1009A000002101E0491CC9B28142FBD300207047FD
:1009B000DC69FF1FFFB587B017461020FAF78EFCE1
:1009C00001901020FAF78AFC0090019800287DD051
:1009D000009800287BD0024601990798FFF712F88B
:1009E00004007ED11020FAF779FC02901020FAF76B
:1009F00075FC0646029800286BD0002E7CD0384645
:100A00000F30050902D038070CD000E00125002086
:100A10002901103900280898C9B205D0401832467B
:100A200001991AE00120F3E7401884463A07120FB3
:100A3000002003A98023904202D267463F5C04E075
:100A4000904201D10B5401E000270F54401CC0B26A
:100A50001028F0D3324603A8009900F077F810224E
:100A600000210298FAF7FEFB00276D1E0FE0380701
:100A70000899000E091803AA029800F067F803A964
:100A8000029A0798FFF76AFF7F1C04463FB2AF4205
:100A900002DA002CEBD011E0002C0FD103AA314672
:100AA000029800F053F803A9029A0798FFF756FF3F
:100AB0000446082202990A98FAF708FB02980028CF
:100AC00001D0FAF71DFC002E08D004E01AE017E070
:100AD00007E013E010E03046FAF712FC0198002816
:100AE00002D00198FAF70CFC0098002801D0FAF720
:100AF00007FC20460BB0F0BD1324E2E71324E2E725
:100B00001324EEE71324EFE770B58CB015460E46BC
:100B10000446302200216846FAF7A4FB1022214641
:100B20006846FAF759FC07A8032231460130FAF764
:100B300053FC6846FFF70AFF04460BA90322284628
:100B40000131FAF749FC20460CB070BD30B50023E6
:100B5000C45CCD5C6C40D4545B1CDBB2102BF7D36F
:100B600030BD000002000000FE0B0111000000007B
:100B700035F800110000000002000000FC0B01111C
:100B80009DFA0011B9FB001100000000FB349B5FCF
:100B9000800000800010000000000000E1C400118F
:100BA00071EC001153C50011BDEC00110BC5001113
:100BB00091EC00112DC60011EDED0011ADC6001134
:100BC00061EE00110BC6001161EE001169C6001143
:100BD00019EE00112DC60011A5ED0011C5C60011BA
:100BE00015EF00110000000000000000D3C5001147
:100BF00015EF0011F9C400118DEC00110018011857
:100C00000028012802280328002901290229032994
:100C100004290529002A012A022A032A042A052A6E
:100C20000629072908290000000000000000000034
:080C3000000000000087000035
:020000041FFFDC
:1000000000000000B94EFF1FE065FF1F0066FF1FE4
:100010000068FF1F0000000000000000000000005A
:1000200000000000000000000000000000000000D0
:1000300000000000000000000000000000000000C0
:1000400000000000000000000000000000000000B0
:1000500000000000000000000000000000000000A0
:100060000000000000000000000000000000000090
:100070000000000000000000000000000000000080
:100080000000000000000000000000000000000070
:100090000000000000000000000000000000000060
:1000A0000000000000000000000000000000000050
:1000B0000000000000000000000000000000000040
:1000C0000000000000000000000000000000000030
:1000D0000000000000000000000000000000000020
:1000E0000000000000000000000000000000000010
:1000F0000000000000000000000000000000000000
:1001000000000000000000000000000000000000EF
:1001100000000000000000000000000000000000DF
:1001200000000000000000000000000000000000CF
:1001300000000000000000000000000000000000BF
:1001400000000000000000000000000000000000AF
:10015000000000000000000000000000000000009F
:10016000000000000000000000000000000000008F
:10017000000000000000000000000000000000007F
:10018000000000000000000000000000000000006F
:100190008D36FF1FF936FF1F215FFF1F0000000093
:1001A000000000000000000000000000000000004F
:1001B000000000000000000000000000000000003F
:1001C000000000000000000000000000000000002F
:1001D000000000000000000000000000000000001F
:1001E000000000000000000000000000000000000F
:1001F00000000000000000000000000000000000FF
:1002000000000000000000000000000000000000EE
:1002100000000000000000000000000000000000DE
:1002200000000000000000000000000000000000CE
:1002300000000000000000000000000000000000BE
:1002400000000000000000000000000000000000AE
:10025000000000000000000000000000000000009E
:10026000000000000000000000000000000000008E
:10027000000000000000000000000000000000007E
:10028000000000000000000000000000000000006E
:10029000000000000000000000000000000000005E
:1002A000000000000000000000000000000000004E
:1002B000000000000000000000000000000000003E
:1002C000000000000000000000000000000000002E
:1002D000000000000000000000000000000000001E
:1002E000000000000000000000000000000000000E
:1002F00000000000000000000000000000000000FE
:1003000000000000000000000000000000000000ED
:1003100000000000000000000000000000000000DD
:1003200000000000000000000000000000000000CD
:1003300000000000000000000000000000000000BD
:1003400000000000000000000000000000000000AD
:10035000000000000000000000000000000000009D
:10036000000000000000000000000000000000008D
:100370000D19FF1F00000000000000000000000039
:10038000000000000000000000000000000000006D
:10039000000000000000000000000000000000005D
:1003A0000000000000000000000000000934FF1FF2
:1003B000000000000000000000000000000000003D
:1003C000000000000000000000000000000000002D
:1003D000000000000000000000000000000000001D
:1003E000000000000000000000000000000000000D
:1003F00000000000000000000000000000000000FD
:0C04000001FF01FF01FF01FF41000000AF
:020000041FFFDC
:1018380088FFFF1F4519FF1F81840000F128000061
:101848000000000000000000000000000000000090
:101858000000000000000000000000005119FF1FF8
:101868000000000000000000CD8400005519FF1F93
:101878005719FF1F5719FF1F5719FF1F5719FF1F28
:101888005719FF1F5719FF1F5719FF1F5719FF1F18
:101898005719FF1F5719FF1F5719FF1F5719FF1F08
:1018A8005719FF1F5719FF1F5719FF1F5719FF1FF8
:1018B8005719FF1F5719FF1F5719FF1F5719FF1FE8
:1018C8000000000000000000000000000000000010
:1018D8000000000000000000000000000000000000
:1018E8005719FF1F000000005719FF1F5719FF1F46
:1018F8000348854600F030F800480047F14DFF1FC7
:1019080088FFFF1F0A484838694601600430F0C064
:1019180044464D4656465F46F0C030BCF0BCF0C069
:10192800F0BCF0C044380349034A95460847000014
:101938000008FF1F552DFF1F3018FF1F0448804760
:1019480004480047FEE7FEE7FEE7FEE7FEE7FEE79E
:10195800E92BFF1FF918FF1F064C0125064E05E06D
:10196800E36807CC2B430C3C98471034B442F7D3B8
:10197800FFF7C2FF6065FF1FE065FF1F70B58C1899
:101988000578401C6B075B0F01D10378401C2A11B6
:1019980006D10278401C03E006780E70401C491CF2
:1019A8005B1EF9D12B0705D40023521E0DD40B70F2
:1019B800491CFAE70378401CCB1A921C03E01D78F7
:1019C8000D70491C5B1C521EF9D5A142D8D30020CA
:1019D80070BD000003B40148019001BD75A9000065
:1019E80003B40148019001BD9DA9000003B401485A
:1019F800019001BDE927000003B40148019001BD31
:101A0800DD3F000003B40148019001BD8944000096
:101A180003B40148019001BD2144000003B401480A
:101A2800019001BD750F000003B40148019001BD8C
:101A3800C95C010003B40148019001BD1907010008
:101A480003B40148019001BDBD0B010003B4014876
:101A5800019001BDDD0C010003B40148019001BDF6
:101A6800DD0A010003B40148019001BD0134010001
:101A780003B40148019001BD0934010003B40148D1
:101A8800019001BD0534010003B40148019001BD76
:101A9800F535010003B40148019001BDF935010095
:101AA80003B40148019001BDE917010003B40148DE
:101AB800019001BD6137010003B40148019001BDE7
:101AC80001D7000003B40148019001BD6DF6000084
:101AD80003B40148019001BD7912010003B4014823
:101AE800019001BD4DF9000003B40148019001BD0A
:101AF800B931000003B40148019001BD413F000025
:101B080003B40148019001BDB52D000003B401489C
:101B1800019001BD095A000003B40148019001BDBC
:101B28000966000003B40148019001BD8D820000E0
:101B380003B40148019001BDEDD6000003B401488B
:101B4800019001BD8914010003B40148019001BD51
:101B5800B110010003B40148019001BDE910010072
:101B680003B40148019001BD9D6B010003B4014815
:101B7800019001BD516B010003B40148019001BD02
:101B88005D6B010003B40148019001BDC96C0100FF
:101B980003B40148019001BDED6B010003B4014895
:101BA800019001BD8512010003B40148019001BDF7
:101BB8008D11010003B40148019001BD45140100D5
:101BC80003B40148019001BD8111010003B401482B
:101BD800019001BDF90D010003B40148019001BD58
:101BE8000108010003B40148019001BDED0A01009C
:101BF80003B40148019001BDF90C010003B4014888
:101C0800019001BDE1AC000003B40148019001BDA1
:101C180079B3000003B40148019001BDE53A010021
:101C280003B40148019001BD156B010003B40148DC
:101C3800019001BD496D010003B40148019001BD47
:101C48003D71010003B40148019001BD0189000004
:101C580003B40148019001BDB54C010003B401482B
:101C6800019001BD9DB4001103B40148019001BD6C
:101C7800C107011103B40148019001BD8D0901118B
:101C880003B40148019001BDC9C4001103B401485F
:101C9800019001BD8DEB001103B40148019001BD15
:101CA8000906011103B40148019001BDADEB001113
:101CB80003B40148019001BDB9F9001103B401480A
:101CC800019001BDC53F000003B40148019001BD6A
:101CD800CD4C010003B40148019001BDA96F01007A
:101CE80003B40148019001BDB30E000003B40148DC
:101CF800019001BD21A9000003B40148019001BD74
:101D0800ADAE000003B40148019001BD790801118E
:101D180003B40148019001BD91D1001103B40148F9
:101D2800019001BDC56D010003B40148019001BDDA
:101D38000972010003B40148019001BD53B90000C4
:101D480003B40148019001BD49CC000003B4014827
:101D5800019001BDE9D4000003B40148019001BD20
:101D680079D5000003B40148019001BDC1D8000035
:101D780003B40148019001BDF9ED000003B4014826
:101D8800019001BD6142000003B40148019001BD0A
:101D9800EDB6000003B40148019001BDC1F7000091
:101DA80003B40148019001BDA9FC000003B4014837
:101DB800019001BD7188000003B40148019001BD84
:101DC800ADFF000003B40148019001BD5DB0000003
:101DD80003B40148019001BDE1B0000003B401481B
:101DE800019001BD810E000003B40148019001BDBE
:101DF8008576010003B40148019001BD6D0B010017
:101E080003B40148019001BD090E000003B4014864
:101E1800019001BDC115010003B40148019001BD45
:101E2800CD0C010003B40148019001BD71B0000060
:101E380003B40148019001BDD9B0000003B40148C2
:101E4800019001BD5976010003B40148019001BD1C
:101E5800B9B0000003B40148019001BD1DB00000F5
:101E680003B40148019001BD250C010003B40148E9
:101E7800019001BDAD0F010003B40148019001BDFF
:101E88003D4B010003B40148019001BD110C010054
:101E980003B40148019001BDCD09010003B4014814
:101EA800019001BDC716010003B40148019001BDAE
:101EB8004916010003B40148019001BDB91201009F
:101EC80003B40148019001BDDD13010003B40148CA
:101ED800019001BDE94C010003B40148019001BD26
:101EE8006D40010003B40148019001BDCD360100E9
:101EF80003B40148019001BD8937010003B40148CA
:101F0800019001BD61B5000003B40148019001BD15
:101F18002D6C010003B40148019001BDC9A900005E
:101F280003B40148019001BD71BA001103B401481E
:101F3800019001BD71C1001103B40148019001BDB8
:101F48008540010003B40148019001BD154D010011
:101F580003B40148019001BDB14E000003B401482B
:101F6800019001BD3D18000003B40148019001BD76
:101F780051DA001103B40148019001BD6DCD001183
:101F880003B40148019001BDF9D6001103B401481A
:101F9800019001BDC9C8001103B40148019001BDF9
:101FA80045D1001103B40148019001BDD94F01008A
:101FB80003B40148019001BD59CA001103B4014896
:101FC800019001BD35D9001103B40148019001BD4C
:101FD80011D0001103B40148019001BD15D90011B9
:101FE80003B40148019001BD25D1001103B4014893
:101FF800019001BDB1F7001103B40148019001BD82
:1020080091C7001103B40148019001BDCD12010030
:1020180003B40148019001BD1DBC000003B4014890
:10202800019001BD6DBC000003B40148019001BDE1
:10203800D91F000003B40148019001BD0D520100F1
:1020480003B40148019001BDF54E010003B40148F5
:10205800019001BD434D010003B40148019001BD49
:102068006DCC001103B40148019001BD15080111A0
:1020780003B40148019001BD85D4001103B401489F
:10208800019001BDE1C7001103B40148019001BDF1
:1020980099D8001103B40148019001BD55CD001134
:1020A80003B40148019001BD75D4001103B401487F
:1020B800019001BD61D7001103B40148019001BD31
:1020C800B9B5001103B40148019001BDC1D1001197
:1020D80003B40148019001BDED4A010003B4014871
:1020E800019001BDA54F010003B40148019001BD55
:1020F8008552010003B40148019001BD61890000C7
:1021080003B40148019001BD055E000003B4014815
:10211800019001BD894A010003B40148019001BD45
:10212800B352010003B40148019001BD2D11010013
:1021380003B40148019001BD8B52010003B401486A
:10214800019001BD6911010003B40148019001BD6E
:10215800E512010070B5344A8AB0012800D1334A2B
:10216800430133486D461C18207E00280AD084207D
:102178008058C3B2002002E016782E54401C9842C2
:10218800FADB03E0107D012310782870E269002A49
:1021980004D0297506952B7705A890470AB070BD1D
:1021A800FEB50446420122481F4D1318805C191DD4
:1021B800002829D0187E002826D0987E002823D011
:1021C8000878022820D188884A888E68801A82B2C6
:1021D800102A01D9102201E0002A02D0012C16D0C1
:1021E8001CE001200870002048808880D9690029F7
:1021F80005D0104B6D460DCB0DC568468847002CA1
:1022080003D0192001F040FAFEBD0820FAE7074D77
:1022180004E04888431C4B80305C28701046521EEE
:1022280092B20028F5D1FEBD004000400090004069
:10223800D496FF1F5465FF1F10B5FFF7CBFB0D4861
:1022480004680C4A4117803211600B490160002074
:1022580002F0AEFAFFF7C4FB204610BD10B50446E5
:10226800FFF7B8FB03480460012002F0A1FAFFF76A
:10227800B7FB10BD00E100E01000100010B5FFF73B
:10228800B5FB022805D0072805D0122800D1022066
:1022980010BD142010BD224904200A6B521C0A6389
:1022A80010BDF8B500260C460D46074640341FE021
:1022B800607CC1004A1953686A5C002801D001217A
:1022C80000E000213846FFF7D9FF002802D001219D
:1022D8002176F8BD607CC00040194660607C401CD7
:1022E8006074207C401E20740D48016A491C0162FC
:1022F800207C0028DCD166742676F8BD10B5094A22
:102308005C219268414389185822525C012A05D100
:10231800FFF7C7FF0248816A491C816210BD0000AF
:10232800C899FF1FC469FF1F0020704770B50124BA
:10233800A407A36810252B43A360FFF75DFBA068E3
:10234800A843A06070BD0000FFB5064601208007C5
:10235800816881B01D46102211438160554F0020CD
:1023680038603046D730FFF74DFB9D20800034465B
:102378008059FF36CA3401360028306822462CD0EE
:102388000121FFF745FB4B4F2078F863641C20467A
:10239800FFF744FB00BA000AE17800020843B8637B
:1023A800241D2046FFF73AFB00BA000AE178000234
:1023B80008437863241D2046FFF730FB00BA000A63
:1023C800E178000208433863039802990002084341
:1023D800F860039F00243F1D0EE00021D1E7281973
:1023E800401CFFF71BFB0102285D014332482018FF
:1023F8000160241DA4B23F1F042FF0DA032F04D07C
:10240800022F08D0012F0CD011E02819FFF706FB86
:102418000102090A06E0291948780A7801021143DD
:1024280000E0295D244820180160241DA4B2002181
:10243800214F02E0E0190160241DFF2CFADD1D4840
:102448001E4A42600F220261012202604269002A8C
:10245800FCD04269930701D4520708D401208007B1
:10246800826810218A438260002005B0F0BD0160B7
:102478000020039A11E0C11909682954401C80B250
:102488000B0A2B54401C0B0C80B22B54401C80B2FE
:10249800090E2954401C80B2121F002AEBDC306858
:1024A800401C306001208007826810218A438260C6
:1024B8000120DAE70000044000010440080F000092
:1024C800FFB5054601208007816881B01E461022AD
:1024D80011438160504F002038602846D730FFF7FD
:1024E80091FA9D2080002C464059CA348035002836
:1024F800E86F22462BD00021FFF78AFA464F207852
:10250800F863641C2046FFF789FA00BA000AE178EC
:1025180000020843B863241D2046FFF77FFA00BA7B
:10252800000AE178000208437863241D2046FFF77B
:1025380075FA00BA000AE178000208433863039884
:10254800029900020843F8600024039F0EE001216D
:10255800D2E73019401CFFF761FA0102305D0143F0
:102568002E4820180160241DA4B23F1F042FF0DA62
:10257800032F04D0022F08D0012F0FD014E03019F8
:10258800FFF74CFA0102090A09E03119487809787D
:102598000002084321496118086003E0315D1F48C3
:1025A80020180160241DA4B200211C4B02E0E01891
:1025B8000160241DFF2CFADD0F2217481202426029
:1025C8000F220261012202604269002AFCD00160E8
:1025D800039A0020121D11E0C11809683154401CEB
:1025E80080B20C0A3454401C0C0C80B23454401C89
:1025F80080B2090E3154401C80B2121F002AEBDC55
:10260800E86F401CE86701208007826810218A4330
:10261800826005B0F0BD00000000044000010440E5
:10262800F8B5FFF701FA6F4908600420FFF702FACE
:10263800FFF706FA0546C00716D06B490020086068
:102648006A486B4E0078012811D0032813D004285B
:1026580015D0022817D0052819D0FFF7F7F9654FCC
:10266800044601281AD01EE0FFF7F6F9F8BD2846FF
:10267800FFF7F8F90EE02846FFF7FAF90AE02846CE
:10268800FFF7FCF906E02846FFF7FEF902E02846C6
:10269800FFF700FA40B20128E8D076E0387805283C
:1026A80008D0062806D054480078022806D0052805
:1026B80004D009E0284602F0CBFA37E0002C06D017
:1026C800022808D0052806D0022C0FD005E028469D
:1026D80002F0E2FA2AE0022C02D0012C1FD022E0FC
:1026E8004649897B002912D0022910D0397805295A
:1026F80011D06A0508D5F279002A05D0012922D01F
:10270800032920D002291ED0012820D00BE028461A
:1027180002F0CEFA0AE0284602F0A6FA06E00128FE
:1027280009D006280BD02846FFF7BAF90020F07127
:10273800022C10D029E0284602F0D2FAF6E7284603
:1027480002F0C2FAF2E7284602F05CF8EEE7284603
:1027580002F096FAEAE73878012816D1680514D409
:102768002648417BCA0701D0252104E0890701D505
:10277800262100E02721007D884206D903F096F93A
:10278800322802D93220FFF791F91B4C207804280F
:1027980004D0032819D007281CD01FE0FFF78CF9B4
:1027A80000281BD0FFF78EF95820FFF791F9207801
:1027B800002801D002202070707800280ED02078E0
:1027C80000280BD10320207008E00D48807CFFF71B
:1027D80085F903E00B48807B01F01AFA0320FFF724
:1027E80029F9F8BD9C09FF1F9809FF1F9009FF1FD1
:1027F8006468FF1F1C09FF1F2309FF1FA60BFF1F8B
:10280800BC0BFF1FD40BFF1FA121890048430749B8
:10281800096840180521C90140180549C078097898
:10282800884201D300207047012070473409FF1FF8
:102838001509FF1FF0B50F4606460C463A483B49B6
:102848003B4A07400D68501C0021137885B0002FC3
:1028580013D1E20611D5374AA126127CB60072437D
:10286800009052190191029103910491117900226B
:102878000220FFF739F910204DE02F4A127B002A79
:1028880004D12E4A14421CD162051AD500252C48C1
:10289800AF003E187178012909D1C15D7088FFF732
:1028A80029F92848708026490020C85570706D1C89
:1028B800EDB2102DEBD320490020087301208002CF
:1028C80029E061072AD52049A122497D9200514378
:1028D8004D191E490978022901D0032901D1891E01
:1028E800CBB230216A8FEF8E495D2E8F12097F0897
:1028F8000392009001970296049129790122002001
:10290800FFF7F2F81248405D012803D12879012128
:10291800FFF7F6F80420604005B0F0BD21463046C8
:10292800FFF7F4F8F8E70000080800003409FF1F73
:102938007809FF1FD40BFF1F6468FF1FDE09000022
:102948001C99FF1FFFFF0000A60BFF1F8D09FF1F2B
:102958000D02000010B5012002F0F0FDFFF7DCF8D1
:102968000446002002F0EAFD204610BD70B504467A
:10297800FFF7D8F8E21DFF32FA32D06F0021000CC1
:102988000004D067104680388B001B19FF330133D1
:10299800C56A491CDD660829F6DB00218B001B1976
:1029A800FF338133C56A491CDD600829F6DB012045
:1029B800D06470BDFEB5FFF737F861490861C81FDC
:1029C800F9388078A121890048435E49096844188C
:1029D800FFF700F85C488069416D0091866D5B489F
:1029E8000078814201D8002900D100905848007829
:1029F800864201D8002E00D10646E51DFF35FA357E
:102A0800686A401C686253480068002808D03D2165
:102A1800095D49000818FF304130418E491C418644
:102A280027462037387FB877FFF782F8287B03F0EE
:102A380019FA287BFFF782F8FFF786F8FFF78AF87C
:102A4800E06AFFF78DF8A06AFFF790F8787FFFF744
:102A580093F8787FFFF796F85820FFF739F8FF20AA
:102A6800FFF796F86079002802D1E86C002852D068
:102A7800B87C3949384A48436169490041183248A5
:102A88008069C06F0818E18E5143344A8918344A66
:102A9800914200DD1146814200D20846FFF77EF8D8
:102AA800E08E2D494843FF21DF31095B421A264851
:102AB8008169FC204058896C101A814200D208466E
:102AC800FFF772F8287BFFF775F80420FFF778F80E
:102AD8000720FFF77BF802A90098FFF77DF8694601
:102AE80009890127FF34C2B2213400970191F3B25A
:102AF800217D3020FFF776F81A4C2678287B207045
:102B0800FFF776F8184807602670FEF769FF14206B
:102B1800FEF790FFFEBD2078002807D0A169606904
:102B28004018410008488069026904E00648626963
:102B38008069C16849005200C06C89180818ADE75F
:102B4800300EFF1F3409FF1F6468FF1F1509FF1FA0
:102B58001609FF1FBC09FF1F710200001EFBFFFFC3
:102B6800F82A0000490AFF1F9809FF1FC106C90E6D
:102B780001208840014908607047000000E100E03A
:102B880005490968C206D20E01209040014201D0D1
:102B9800012070470020704700E200E08307FF2211
:102BA800DB0E9A408907090E994000280BDA0007C6
:102BB800000F0838830808489B001818C369934316
:102BC8000B43C3617047830804489B001B181868AF
:102BD800904308431860704700ED00E000E400E00F
:102BE800024901480860704740787D016068FF1F0E
:102BF80002E008C8121F08C1002AFAD170477047BE
:102C0800002001E001C1121F002AFBD1704700001B
:102C18000248C069002800D0004770474003FF1FE2
:102C2800FFB5074601208007816883B01C4615461A
:102C38000291466939490968384A490049080191A9
:102C48000021C94380321160354A12685200520887
:102C58000092334A803211603249816021214161FA
:102C68001F20FFF783FFE20780212F48002A02D0A8
:102C780042680A434260A20704D54268FF23013331
:102C88001A434260002D0CD02A07520F04D00122AB
:102C9800144342680A43426041682A07D20B114331
:102CA800416021494039CA6B5201520FBA4206D0DD
:102CB800CA6B07231B069A433B061A43CA63CA6BAF
:102CC8005307049A5B0F934205D0CA6B049BD20842
:102CD800D2001A43CA634168FF2281329143E2015C
:102CE8001143416041680F22520391436A03114323
:102CF80041600C48029901438007816001210E431D
:102D08004661410005488030016005490098086027
:102D180002490198086007B0F0BD000000E100E03A
:102D280000E200E00100080040F000401CB56946E0
:102D38000120FEF763FF012000900348019000F096
:102D4800BFFA01201CBD0000BB0B000008B5334FC3
:102D58000446F86800250678E1202B461222052152
:102D68004002FEF751FF2EA0FEF754FF206B0090A3
:102D7800214624310EC930A0FEF74CFF206900908F
:102D8800211D0EC937A0FEF745FF206A0090214695
:102D980014310EC93EA0FEF73DFFE06B009047A03E
:102DA800A36B2268616BFEF735FF4FA0216CFEF71D
:102DB80031FF5148416851A0FEF72CFF5348017874
:102DC800B14202D2B8688A00855851480E46076851
:102DD800FEF726FF00903B462A4631464DA0FEF7F7
:102DE80019FF59A0FEF716FF614E256835400024EB
:102DF8002919B1420BD8200702D15EA0FEF70AFFBD
:102E080029595EA0FEF706FF241DFF2CF0DD5D4862
:102E18000068002800D08047FEE700000000FF1F80
:102E28000A5B48617264206661756C742068616E23
:102E3800646C65725D0A000052302D5233202020E8
:102E480020202020203D2030782530387820307808
:102E5800253038782030782530387820307825307B
:102E680038780A0052342D52372020202020202084
:102E7800203D203078253038782030782530387853
:102E880020307825303878203078253038780A0096
:102E980052382D523131202020202020203D203052
:102EA80078253038782030782530387820307825E3
:102EB800303878203078253038780A005231322C72
:102EC80053502C4C522C5043203D2030782530381C
:102ED80078203078253038782030782530387820B8
:102EE8003078253038780A0050535220203D203061
:102EF800782530387820200000ED00E0494353520F
:102F0800203D203078253038780A0000B408FF1FAB
:102F18006008FF1F5B4F53414C5D6964782025644E
:102F28002046756E632030782530387820737973A1
:102F38007469636B202530387820727463202530DB
:102F480038780A20000000002D2D2D2D2D2D2D2D37
:102F58002D2D2D64756D7020737461636B2D2D2D6F
:102F68002D2D2D2D2D2D2D2D2D2D2D0A0000000060
:102F7800FCFFFF1F0A5B253038585D002530387884
:102F880020000000FC67FF1F1CB569460320FEF700
:102F980035FE684600F0C8FC0098002802D1019868
:102FA800002800D001201CBD10B500F023F9FFF760
:102FB800BDFE002802D00248804710BDFEE7000091
:102FC800E1A20000FEB50021184D2026174C803DD7
:102FD80000280091019111D00023022219463520C2
:102FE800FEF724FE20698007FCD400960098411E55
:102FF8000091FBD228680028FCDA10E000230222A6
:1030080019460520FEF712FE20698007FCD40096B9
:103018000098411E0091FBD228680028FCDA0121A3
:1030280002A8FEF709FE6846007AFEBD80C8004087
:1030380038B50446009100290BD00020FFF7C2FFE5
:10304800204007D00520FEF7FDFD0098401E0090A7
:10305800F3D1112038BD00001CB50121C9021C485C
:1030680001F07CFB032189021A48FEF7F1FD0121DA
:1030780006200A4601910090022317491748FEF7D7
:10308800EDFD174A012011463039FEF7EDFD1549CF
:103098000120FEF7EFFD13490120891EFEF7F0FD20
:1030A80010490120091DFEF7F1FD0D4A01202C32BF
:1030B80011461039FEF7F0FD094902208831FEF764
:1030C800F1FD084902200831FEF7F2FD1CBD0000A1
:1030D800C485FF1FBC6BFF1FBC77FF1F4083FF1F0A
:1030E800F48DFF1F0866FF1FFEB504461948C16B23
:1030F800194D4907C90E6958164AC90B4032009143
:103108001168490304D4116801239B041943116011
:10311800C16B18221143C163C06B104F4001400FAF
:103128000190B84706462046B84706430C49F007C1
:10313800C00F88470346A0000A492858086000982D
:10314800411E0091FBD2324621460198FFF768FDE7
:103158000020FEBD00F00040E07B0100018C000073
:10316800A98A00007408FF1F30B51E48A121807885
:10317800890048431C49A1220968920044189121FA
:1031880089000B591749002089785143164A12685B
:103198008918CA8E002B1DD014488069C11DF931C9
:1031A800012B0BD0FF308130856EAB4208D8647993
:1031B800012C05D00D4C76341B5D04E0086B09E04A
:1031C8000A4B78331B79006D4343100A401C434374
:1031D800086B181806494A43D108814200D80846A6
:1031E80030BD0000300DFF1F3409FF1F6468FF1F4A
:1031F80053070000034900204861034908604860FC
:103208007047000040F0004040F100401CB52648DF
:10321800A121807889004843244909684418244832
:10322800406A80B20090912080000259002A0ED096
:1032380020488069C11DF931012A0DD0FF30813045
:10324800836E9A420AD81B4B7633D25C09E0608CB5
:10325800E18E484340100DE0086B0AE0154A7832C9
:103268001279006D4243E08E000A401C4243086B0D
:1032780010184000009940180090FFF775FF019062
:1032880001990098421A0C49E0694143C9088A42E9
:1032980001D8009805E009494008484301994018B9
:1032A8000090FEF77BFC1CBD300DFF1F3409FF1F8B
:1032B800001003406468FF1F5307000071020000FC
:1032C80070B58AB000241E4D04940594287801280E
:1032D80006D004A90120FEF791FC002802D00020A6
:1032E8000AB070BD0498009005980190154881684F
:1032F8000291C0681349039006AA10316846FEF788
:10330800DDFC104E10222036314606A8FEF7DCFC04
:10331800002811D0012028700B4A31466846FEF774
:10332800CDFC04940020694605948200401C8C5012
:103338000428FADB0120D3E7FF202870CFE700003C
:10334800F768FF1F0029001174F7FF1F30B52A49DD
:103358000B782A4810228069022B0BD00B78012B9E
:1033680008D00B78032B05D00B78042B02D00B78F0
:10337800052B00D102620C780E23022C0CD00C789D
:10338800012C0BD00C78032C0AD00C78042C09D013
:103398000C78052C08D009E01D2406E0122404E06E
:1033A800426003E0436001E00F2444600C78134856
:1033B80080698030022C10D00D781424012D10D093
:1033C8000D78032D11D00A78042A11D0097805291F
:1033D80002D10C210362C16130BD1F21C1612121CD
:1033E80001E01921C461016230BD0462C26130BDCF
:1033F8001121C361F7E700004A0AFF1F6468FF1F35
:1034080010B50F4880680007000F062808D008DCB0
:1034180002280CD0042803D101210020FEF79AFECF
:1034280010BD072807D00C28FAD10221F5E70020A3
:10343800FEF7B6FE10BD02484030C06B10BD00005C
:103448000040004010B50F4880680007000F0628AC
:1034580008D008DC02280CD0042803D1012101205F
:10346800FEF778FE10BD072807D00C28FAD10221F4
:10347800F5E70120FEF794FE10BD02484030C06B0E
:1034880010BD00000090004038B5FEF7A3FA0122F5
:103498009207936A08240094002B01D101209062BE
:1034A8000A480221016000994D1E0095FBD20321B4
:1034B80001600094641E0094FCD200210160002B7E
:1034C80000D19162FEF78CFA38BD000000C00040C0
:1034D800012292070121202804D2936881400B43DE
:1034E80093607047402805D25369203881400B43C8
:1034F800536170476028FCD2136A403881400B43FF
:1035080013627047F1B584B0FEF796FE0124A40754
:103518000190A76AFEF75EFA2249022008606062FD
:103528000120A062FEF75CFA1F4D28698007FCD4D1
:1035380020200090411E009101D30846FAE71A4E58
:10354800803E30680028FCDA18490120FFF770FD3A
:103558000498FEF7BFFBC0B2029028698007FCD42C
:1035680020200090411E009101D30846FAE73068F8
:103578000028FCDA0D490320FFF75AFDFEF72AFA66
:1035880008490020086003216162A062FEF728FA5A
:10359800002F01D1FFF778FF0198FEF75FFE029830
:1035A80005B0F0BD00C0004080C80040FFFFFF0725
:1035B800F7B584B01746FEF73FFE0190FEF70AFA0A
:1035C800214902200860440760620120A062FEF7DA
:1035D80007FA1E4D28698007FCD420200090411E60
:1035E800009101D30846FAE7184E803E306800285B
:1035F800FCDA17490120FFF71BFD3A4605990498A4
:1036080002F0F2FDC7B228698007FCD420200090A0
:10361800411E009101D30846FAE730680028FCDA19
:103628000B490120FFF704FDFEF7D4F906490020F5
:10363800086003216162A062FEF7D2F90198FEF7E3
:103648000DFE384607B0F0BD00C0004080C80040FD
:10365800FFFFFF0710B56C210848FEF741FB08483B
:103668000078012803D0022804D0042804D1FEF7EA
:103678003DFB01E0FEF740FB002010BD1497FF1F43
:103688005068FF1F0020704770B505461648002493
:103698000078012811D004280FD0FEF79BF90021EB
:1036A800124A0B4608460C267043165C002E0FD0B3
:1036B800AE4205D18018437007E0FEF717FB0DE016
:1036C80080184078002800D0641C491C0929E9DBCF
:1036D800002C05D0FEF70AFBFEF782F9002070BD2A
:1036E800FEF70AFBF8E700005068FF1F1497FF1F5A
:1036F8000020704710B514491F2008701349012095
:1037080008701349002008701248C16B4909490123
:103718000931C163C16B60221143C16300F01CF819
:1037280000210420FFF73AFA01211420FFF736FAA6
:1037380001211520FFF732FA01211720FFF72EFA91
:10374800FFF78AFC10BD0000480AFF1F490AFF1F47
:10375800680AFF1F80F0004010B5FFF725FC10BD78
:1037680010B50449086000F089F804490248086067
:10377800002010BD4068FF1F8538FF1F9468FF1F99
:103788000248006A002800D0004770474003FF1F26
:103798001CB504460F4884421AD0012907D00229D3
:1037A80016D101212046FEF7ADFA002810D10A49AA
:1037B8002046FEF7ADFA0848001F0168002907D027
:1037C80004206A46107000205070019068468847AF
:1037D8001CBD0000FEFF00006C67FF1F10B502F063
:1037E800A5F90848017A002909D002460121603A62
:1037F80011700021417205490348C86710BD02F0E5
:1038080067F910BD3494FF1F00B3FF1F5496FF1FC4
:1038180010B502F08BF90848017A002909D0024650
:103828000121603A11700021417205490348C867B7
:1038380010BD02F04DF910BD3494FF1F00B3FF1FF7
:103848005496FF1F10B5642002F070F90848017AF9
:10385800002909D002460121603A11700021417205
:1038680005490448C86710BD02F032F910BD0000D0
:103878003494FF1F00B3FF1F5496FF1FF8B5234869
:103888000178022901D9052000E000782049214B60
:103898000A68012100249A4201D1009100E00094B5
:1038A80000230121FEF73AFA1C491B4888631B488C
:1038B800403004611021416102268661880318495D
:1038C800086018480168FF2212049143B2051143A9
:1038D8000160642000904120FFF7FAFD4020FFF7C7
:1038E800F7FDFEF777F875076E620098411E0091A4
:1038F800FBD203206862FFF7C7FDAC62FEF770F8E1
:103908000348001DFEF710FAF8BD00004A0AFF1F21
:103918004068FF1F6B000208050001FF00C8004057
:1039280080E100E010E400E030B50AC8284A4C07FE
:103938001068A40F800880002043CC08E507042401
:103948001060002D3CD0A0437824A0430C06240F1F
:10395800E40020430F24E401A0430C05240FE401F4
:1039680020430C0BE5071B4C10602BD0A0431A4CCE
:1039780020404C02A40D240320430F24A405A04397
:103988004C01240FA40520439C01C90E640821435F
:1039980003C2990ECC0701218906083A002C13D0DE
:1039A8008843D90ECC070D4910600FD088430321F6
:1039B800090788439900890F09070843106030BD3B
:1039C8002043C1E72043D2E70843EAE70843EEE78C
:1039D800EC69FF1F00080000FF0FC0FF000000088F
:1039E80070B54C790B7924020A781B199BB2002A0E
:1039F80002D0122A17D004E0C478012C01D1002B80
:103A08000CD002468032C41DD37BFF340125FA3422
:103A1800002B14D0D37A172B09D010E0FF212231C4
:103A28000A54072100E01321FEF784F970BD927A49
:103A3800012A04D1084AD278002A00D02572267AB1
:103A4800FEF77EF900210548012E0171EED1217A99
:103A58000029EBD1057170BDE010FF1F6468FF1FDE
:103A6800F8B5054612480F46C07881421FD1E8785C
:103A7800002818D00024A0004619FF368136F168C6
:103A880000290DD0086800280AD1287900F03EFEE8
:103A98000020F0600520C00128184178491E4170B7
:103AA800641C082CE7DB39462846FEF74FF9F8BDB9
:103AB8006468FF1FF8B507460546FF37052000264E
:103AC8008137C0012C18B0004019FF300130009038
:103AD800C16E002905D0287900F018FE2078401E14
:103AE80020700098F96A761CC166082EEBDB002668
:103AF800B0004019FF3081300090C168002905D01E
:103B0800287900F003FE6078401E60700098F96A1A
:103B1800761CC160082EEBDB0026B0004719FF3782
:103B28008137396B002905D0287900F0EFFDA0789E
:103B3800401EA0700020761C3863082EEDDB284656
:103B480000F004FA2846FEF707F9002108468A0023
:103B58005219FF320132491CD0660829F7DB0021CF
:103B68008A005219FF328132491CD0600829F7DBDC
:103B7800E070F8BD10B5FDF72DFFFEF7F3F8044629
:103B880003490120C871FDF72BFF204610BD000036
:103B98006468FF1F10B5FEF7EBF80949A122897880
:103BA80092005143074A12688A18D11DFF31FA3131
:103BB800CB6F528C1B0C1B041343CB6710BD00004A
:103BC800300DFF1F3409FF1F70B50346FF334B3319
:103BD8001D4604462A3DE87D002802D1A87D00281C
:103BE80001D0002070BD13211970A620005D0122AC
:103BF800002804D003212046FEF7C0F80522012042
:103C0800E8751002C01CFF3441342081012070BDCA
:103C180070B50646FDF7DEFE0D48062501780D4C09
:103C2800002905D0FEF7B0F800280BD0257002E077
:103C3800057000202070012002F014F93046FEF7CC
:103C4800A9F801E007202070FDF7CAFE70BD00004A
:103C58001C09FF1F2309FF1F10B503460446FF3345
:103C68004B3306201870012203212046FEF786F800
:103C7800FF20012138300155FF2006494930015302
:103C88009D2080000059002802D18034208A60825B
:103C9800012010BD0305000010B5FEF781F80649A4
:103CA8001020086005490869C007FCD0FEF77EF8B7
:103CB8000420FEF75BFF10BD80E100E00010034028
:103CC80010B50B48A1218078890048430949096843
:103CD80040184178002907D0FF30FF300230C16C0E
:103CE800002901D00021C164FEF766F810BD00006C
:103CF800300DFF1F3409FF1FFFB5044681B00720B0
:103D080000907B20005D1746012873D13C483D494F
:103D180080690978406D0026C0B2884201D8002821
:103D280000D10846FF21AD3109592546FF350A68FB
:103D3800C135002A03D00979C943890715D021461E
:103D4800FF312131CA7D002A0FD0897D00290CD18D
:103D5800297C814209D22C481C21807848432B4970
:103D68004018007A002800D101262046FEF72AF8DC
:103D7800297C891988423DD92548007800283CD0FB
:103D8800FF2511352046FEF723F806462079002244
:103D9800294600F071FCB1000E19FF360136F066B5
:103DA800002827D0A620005D002807D03A462046E4
:103DB800049B0299FDF7E2FF3F1DFFB20520C001F9
:103DC800251828783A46401C28700299380208437A
:103DD800F16E8880F06E0499801DFDF7FFFFF16E8B
:103DE800012008602046FDF7FFFFE878401EE870D4
:103DF80000200090009805B0F0BD3425C2E700000F
:103E08006468FF1F1509FF1F300DFF1FFC69FF1FA6
:103E18001709FF1FF8B5444C2068002804D0FDF7A7
:103E2800E9FF2178C84005E0FDF7E4FF3F4909684C
:103E3800FDF7E6FF3E49A1228978920051433D4AA9
:103E48003E4D12683F4E8C1863783B4A3C49002B24
:103E58000AD0FF34FF340023023463640968F3692D
:103E6800994247D3C91A47E02078002805D0E01DB9
:103E7800FF30FA30436C5B1C43640868F169884280
:103E880001D3401A01E0511A0818E71DD238FF374C
:103E9800FA372860796C012932D0002936D0B06908
:103EA800FF308130806E814230D8607901282DD072
:103EB800FFF75AF9E18E244A4A43D3088342786CC3
:103EC80027D8022823D01F4A7532845CB069090AB2
:103ED8000246FF308130066D491C7443FF324C4363
:103EE8000132116B806E6118591A401C7864286879
:103EF80040180AE0D21A5118081AB169C968F7E7D8
:103F0800B169FF310131096B08182860F8BD00213B
:103F1800EDE7B269090AFF328132126D491C50433C
:103F280048432968E4E700001C08FF1F1808FF1F22
:103F3800300DFF1F3409FF1FFFFF3F00A009FF1FBF
:103F48009C09FF1F6468FF1F5307000010B5017923
:103F5800134A4900515C002920D012490B688C157E
:103F6800A3430B600146FF3121310B46097D022432
:103F7800214004796400A418647821431975094B19
:103F8800403BDC6BA408A4000C43DC6303790021EC
:103F98005B00D154007940008018417010BD0000CA
:103FA800FC98FF1F40100340F3B507469848A1212D
:103FB800807889004843974989B0096800264418E1
:103FC8002046FF3021300690407D322822D022281A
:103FD80020D02546FF358135E86A0168002909D0D7
:103FE8008188001D090A891CFDF710FFE96A002075
:103FF800761C0860FDF710FF0A9900250880204606
:10400800FF30C1300790007C002829D0B84227DC57
:10401800002018E0804901200860FF20AD30002111
:10402800005901260160E5E780000019FF30813062
:10403800006B6D1C8188EDB2090A001D891CFDF713
:10404800E5FE0098401C00900798017C009881428A
:10405800EADC0798007C3F1A86190798002101744A
:104068006E490020C870FF20AD3000590168002952
:1040780003D00079C04380073AD00698C07D002855
:1040880036D00698807D002832D10798007CB84247
:104098002EDA5F4881781C20414361480818017A6C
:1040A800002925D101210172A9000919FF31C06831
:1040B8008131086300281FD00520C00120188178AD
:1040C8006D1C491C8170FF204930005BEDB2010A6C
:1040D8002046FF304930891CFDF798FE06980021DC
:1040E800C1750698012181754C48761CC1707F1EE8
:1040F8000798007C002802D030460BB0F0BD20465F
:10410800FDF790FE049000283BDD002F39DD0020EC
:1041180031E02046FDF78CFE80000019FF300130A9
:104128000790C06E8188001D090A891CFDF76EFE84
:1041380000281ED00798C16EA8000019FF308130F2
:10414800016307990020C8660520C00120188178FE
:104158006D1C491C81700178EDB2491E0170204622
:10416800FDF76CFEE11DFF31FA31086A401C761C30
:1041780008620098401C04990090884201DAB8420D
:10418800C7DB23491C228878254B5043C218107A74
:10419800002822D00020691E1DE083001B19FF3370
:1041A80081331B6BD768BB4214D1884212D0A90057
:1041B8000A198000FF3200198132FF308130D16A3C
:1041C8000163134881781C20414315480818C068CA
:1041D800D06202E0401CA842DFDB092080012018E1
:1041E800817E002911D0017D00290ED0428E002A3F
:1041F8000BD0817F914202D2491C817705E00021D2
:1042080081771A212046FDF795FDB0B275E70000C9
:10421800300DFF1F3409FF1F00140340E010FF1F7B
:10422800FC69FF1FF0B589B0FDF710FC0546A448EE
:10423800A121807889004843A24909684418A24806
:104248000068012803D1A148816D491C8165052DAD
:1042580001D0042D02D12046FFF778FEFDF7E4FBDC
:104268009B499C4AC8619C4842610122C260026025
:104278009A48C06B0202120E7F2A0AD9FF22120442
:1042880090438A69FF328132526E12041043934A76
:10429800D063052D17D0042D7ED1E08E904A896910
:1042A8005043FF22DF32125B8031801A8A6F896A9D
:1042B800801A834A52785208D040814200D2084678
:1042C800FDF772FC04E06079012801D0FEF79EFF3B
:1042D800FDF7AAFB069083480078002805D0FF2048
:1042E800113000273E46009033E03420F9E720469D
:1042F800FDF7AAFD81197C4800788142204603D247
:10430800FDF7A2FD801905E0FDF79EFD81197648AD
:104318000078081AC0B2079069480222807800998C
:1043280000F0AAF9079989000919FF318131C8609D
:10433800002813D00520C001201842787F1C521C89
:1043480042700020CA68761C1060C968FFB2888075
:10435800F6B22046FDF77EFDB042C8D85E48002F71
:1043680007D04168FF22120491433A041143416087
:1043780028E04268FF2109048A43012109045118F1
:104388004160217901204A0058498854FF2035307E
:10439800005DC007C00F00E017E0227952005218F4
:1043A80050704D484030026883151A430260026815
:1043B8002379520852005B00591849780A43026071
:1043C80002218162069800F0EBFC4449486B484A98
:1043D800C0B21278002A17D1464A0023D356002BC0
:1043E800454BD35606DB1B040026965732029A1813
:1043F800121808E0FF331B040026965732029A1859
:104408003E4B1218D2184A63022801D2022002E059
:10441800502800D950203A4A1278022A11D0394A35
:104428001678394B1F78BE420FD916781B78F31AC5
:10443800801E4010434310784001C01A10304011CC
:1044480004E0324A1678324BECE710784A69120ACF
:10445800120210434861052D01D0042D16D12D48B4
:104468000078002806D02C480078002802D00020C8
:10447800FDF78EFBFF34FF340234207B042801D083
:10448800032803D1FF205F30FDF722FB022D12D154
:1044980022480078012807D0032805D0022803D035
:1044A8001F480078022806D111480078002802D158
:1044B8006C20FDF70DFB1B490120C88209B0F0BD37
:1044C800300DFF1F3409FF1F9809FF1FFC0FFF1F46
:1044D8006468FF1FFF3F0000001003408000034096
:1044E800710200001709FF1F1609FF1FFC98FF1F24
:1044F8008C09FF1F680AFF1F00000000FFFE000074
:10450800490AFF1F440AFF1F450AFF1F460AFF1FEB
:10451800470AFF1FF908FF1F2209FF1F1C09FF1F79
:104528002309FF1FBC0BFF1FFFB583B017460446C6
:104538001E466A4602A901A8FDF792FC00980028C9
:104548000FDD1448016821606178009B081D801008
:10455800C21C251D401C9A420FDD0F48416E491CA4
:10456800416600202070386030600499088007B0E8
:10457800F0BD084B1B6808C501E082001219AA4269
:10458800F7D8044A13683B6012683260049A891CA1
:104598001180ECE7001C0340FC0FFF1FF8B5314801
:1045A800A1218078890048432F4909684418264684
:1045B800FF3681360020F16A354640350860287498
:1045C8002A48C1684A050169520D49014B0DC16964
:1045D800274F39401143C1619F1A1EE0F06A0168F4
:1045E80000291ED02349287C0978884215D28000EA
:1045F8000019FF308130006B00280ED0001DFDF738
:1046080035FC3F1A287C81000919FF318131096B7B
:104618008988090A01D0401C2874002FDEDC2D7C13
:104628001CE0001DFDF722FC3F1AF16A012008601A
:10463800F3E7A8000619FF368136316B00290BD045
:104648000848807800F062F8002030630520C00137
:1046580020188178491E81706D1CEDB2082DE8D3B1
:10466800F8BD0000300DFF1F3409FF1F4010034044
:104678000000FF071509FF1FF7B584B00C46FDF7CA
:10468800A9F91C4D1C4E2868029030681B4F0190F8
:10469800386800901A48816D2960C16D3160006EDC
:1046A80038601848002101702046FDF7E5FB0446F4
:1046B80002982860019830600098386011480122FB
:1046C80002700499104B1C256943C918002C03D0AB
:1046D800087E401C087607E00698C0000B5C002B9B
:1046E80002D10A5408184468FDF77AF9204607B041
:1046F800F0BD0000D808FF1FD408FF1FDC08FF1F0B
:104708006468FF1FD008FF1FFC69FF1F70B50C46C7
:104718000546FDF75FF910481C2100224D43281873
:10472800D100435C002B09D041184968A14205D14A
:104738000021D2008154FDF753F970BD521CD2B24A
:10474800032AEDD3241F21884904490C2180017EC6
:10475800491E0176EFE70000FC69FF1F30B50A0427
:1047680015D40B4B0B4C18600B4A2060116089085C
:104778008900091800258039CD671168091F016073
:104788000648216881651968C1651168016630BDF0
:10479800D408FF1FD808FF1FDC08FF1F6468FF1F2D
:1047A80002490148C86170479563FF1F8001FF1FD8
:1047B800F0B5114A114B124900280ED00020145CA4
:1047C800002C06D085005D59002D02D0A400641885
:1047D8002560401C1028F2DBF0BD00200446155C63
:1047E800002D05D0AD006D1887002E68DE512C60B5
:1047F800401C1028F3DBF0BDE768FF1FBC98FF1FC3
:104808000000FF1F10B50449C969002901D0884775
:1048180010BDFDF745F910BD8002FF1FF0B58BB044
:10482800FDF7D8F801250720FDF704F9F84F08AB84
:1048380007AA03A9381DFFF777FE0446FDF722FBF8
:10484800011EF44805DD416E6A46491C0024416694
:1048580094813979F04B0A074906CE0F120FEF49B8
:10486800002C01D0032A05D0052A7AD0187801280F
:1048780078D0C2E11A78012A01D0032AF9D1E54893
:10488800026A521C0262387BCA799042F1D1787B65
:104898000A7A9042EDD1B87B4A7A9042E9D1F87B06
:1048A8008A7A9042E5D1387CCA7A9042E1D1DB48D5
:1048B8007A7C007B8242DCD1B81D0190D84880798F
:1048C800002807D0D64806227D300199FDF7FCF96B
:1048D800002867D1D348007801284FD1002E03D093
:1048E800F87A800901282BD000212E200A4642435D
:1048F800CD481218104620300378B3423BD1437894
:10490800BC79A34237D18378FC79A34233D1C378E9
:104918003C7AA3422FD103797C7AA3422BD14379E5
:10492800BC7AA34227D18079FB7A984223D12E20E2
:104938004143BD4808182030C079002813D01DE035
:104948000025B81DFDF7A4FA082817D22E214843E0
:10495800B5494018014621312030019106780125DA
:104968000CE06CE035E110461030FDF797FA0028AE
:1049780004D1002502E0491C0829B6DBA848806953
:10498800808D00070CD5A548C07B012801D00328DD
:1049980006D1002D04D030460199FDF785FA054669
:1049A800002D17D09B4C206D401C20659F48006847
:1049B800002802D08047002810D0FDF77BFA9C48D9
:1049C80001250570FDF730F89A490968884206D92B
:1049D800401A07E08F48016B491C01630DE1964AB4
:1049E800511A08188E4E7623B169181A0A79801A56
:1049F8004A6C096CD2B2C9B2C0B2FDF761FAFDF7D0
:104A0800F7F88E488A49056000200870FDF79CF881
:104A1800FDF7A0F88A488188001D090A891CFDF75E
:104A2800F5F90E20FDF706F8606A0622401C606260
:104A38003046B571B91D7D30FDF748FADDE0764A9C
:104A48001278012A01D0022A70D17E4A7148167064
:104A5800826A521C8262387BCA79904266D1787B1E
:104A68000A7A904262D1B87B4A7A90425ED1F87B4A
:104A78008A7A90425AD1387CCA7A904256D167498C
:104A88007A7C097B38468A4250D16649841D097868
:104A9800012957D1002E03D0C17A890901292DD0C7
:104AA800817900220A912E2113464B435E495918F9
:104AB8008C4620314F780A9B9F4240D18B78C7792A
:104AC800BB423CD1CB78077ABB4238D10B79477AC5
:104AD800BB4234D14B79877ABB4230D18B79C77AC4
:104AE800BB422CD10978B14229D12E2042434E48ED
:104AF80010182030C079002819D023E00025B81DEF
:104B0800FDF7C6F908281DD22E214843464906223A
:104B180040180446203006784A49B01C08702134F1
:104B2800B91D4948FDF7D2F901250BE065E060465B
:104B38001030FDF7B3F9002804D1002502E0521C1B
:104B4800082AB0DB3648414F8069808D000710D5B0
:104B58003148007801280CD13048C07B022801D0A8
:104B6800032822D1002D20D021463046FDF79CF99C
:104B7800054629480078022817D120787978884294
:104B880022D16078B97888421ED1A078F978884215
:104B98001AD1E0783979884216D120797979884212
:104BA80012D16079B97988420ED1002D0CD01948FC
:104BB8000622016D491C01653E702146781CFDF7EF
:104BC80085F9FDF789F918E01248416B491C4163E2
:104BD80013E0487BC20701D0252004E0800701D5F7
:104BE800262000E02720097D814206D900F05EFFDB
:104BF800322802D93220FCF759FF104800680028F3
:104C080001D1FCF729FFFCF7EBFE01200BB0F0BD4A
:104C18009014FF1FFC0FFF1F1C09FF1FA60BFF1F8F
:104C28006468FF1F1809FF1F890EFF1FC409FF1FB3
:104C38008C09FF1F9C09FF1FFFFF3F009809FF1FFA
:104C48008413FF1F8D09FF1FDA09FF1F7809FF1F53
:104C580010B504490968002901D0884710BDFCF740
:104C68001FFF10BD8002FF1F10B504498968002985
:104C780001D0884710BDFCF713FF10BD8002FF1F4D
:104C880010B504498969002901D0884710BDFCF78F
:104C980007FF10BD8002FF1F10B5044949690029AC
:104CA80001D0884710BDFCF7FBFE10BD8002FF1F36
:104CB80010B504494968002901D0884710BDFCF7A0
:104CC800EFFE10BD8002FF1F10B5044909690029D5
:104CD80001D0884710BDFCF7E3FE10BD8002FF1F1E
:104CE80010B50449C968002901D0884710BDFCF7F0
:104CF800D7FE10BD8002FF1F10B50A48A121807899
:104D08008900484308490968401800790749400064
:104D1800085C002803D006490020887110BDFDF703
:104D2800E1F810BD300DFF1F3409FF1FFC98FF1F6D
:104D3800E010FF1F10B504461548A12180788900AE
:104D480048431449096840189F21890009588AB2C4
:104D58002421095C8A4209D9511A0F4AC069514372
:104D68004143601C02D0C82C0ED064182046FDF7C1
:104D7800BFF8641C07D0FDF7C1F8002803D114213F
:104D88000648FDF7C1F810BD2046FDF7B1F8F2E777
:104D9800300DFF1F3409FF1F710200000010004092
:104DA80010B50446FCF740FEA04203D3FCF73CFED6
:104DB800011B04E0FCF738FE0949091B41180948A2
:104DC800826B914200D28163426B914200D9416368
:104DD800C26BD3009A1A5118C908C16310BD0000EC
:104DE800FFFF3F006468FF1F10B50E4903200870DD
:104DF8000D4901200870FDF78DF8FDF791F8FFF7D0
:104E0800CFFCFDF793F8FEF775FCFEF723FC074887
:104E18000068FEF7A5FC00F04BF900F030FB00201D
:104E280010BD00004A0AFF1F0466FF1FFC64FF1F35
:104E380070B51A48017F407F000208180004000C72
:104E48002BD0174D6C6CFDF777F8686CA04224D016
:104E58001448154D006F002805D0697DC9000C184D
:104E6800FCF7DEFE2060687DA121890048430F49D8
:104E7800096842180020014683009B18FF3301335C
:104E8800401CD9660828F7DB002083009B18FF33F5
:104E98008133401CD9600828F7DB70BD9014FF1FD0
:104EA800FC0FFF1F6468FF1FA60BFF1F3409FF1FBD
:104EB80070B500241020FCF7DFFF134910220860AA
:104EC8000021FDF73FF820460124FDF741F80225AF
:104ED8002046FDF743F803242846FDF745F8042546
:104EE8002046FDF747F805242846FDF749F806252A
:104EF8002046FDF74BF807242846FDF74DF82046D5
:104F080000F010F870BD00000068FF1F10B50448DD
:104F18000178C90701D07621C160FDF743F810BDBB
:104F28000020004030B54D4D89B0687001216846B9
:104F38000171072202720022828101740C21818290
:104F480001838283FF21F5310184C320444C02AAE6
:104F580001218000FDF72CF801AA01214148FDF745
:104F680027F8404803AA0221401CFDF721F800F069
:104F7800CDF8002802D02078401C2070374806223F
:104F88001D302146FCF7A2FF344A36480C3219215D
:104F9800801CFDF70DF8312004AA01210001FDF75E
:104FA80007F8304805AA02210C30FDF701F82D4812
:104FB80006AA02210D30FCF7FBFF2A4807AA0221A6
:104FC8000E30FCF7F5FFC52008AA02218000FCF787
:104FD800EFFF224A152125320020FCF7EFFF0121BF
:104FE8001F20FCF7F1FFFF24913421460620FCF72F
:104FF800EBFF21460720FCF7E7FF21460820FCF7D6
:10500800E3FF21460920FCF7DFFF0024E4432046A4
:10501800FCF7E0FF2046FCF7E3FF0221687800F088
:105028007BF81148FCF7E2FFF020FCF7E5FFFF20D2
:105038000130FCF7E7FF0120FCF7EAFF0120FCF74D
:10504800EDFF032300211A460846FCF7EDFF012176
:105058006878FCF7EFFF09B030BD00000468FF1F57
:105068006509FF1F050300007552FF1F10B50C46A8
:1050780008040AD50D484078FCF7E2FF002801D063
:10508800FCF7E4FF0120C0030CE0E00705D0074867
:10509800001DFCF7E1FF012004E0A00704D500F0A3
:1050A80029F80220604010BD002010BD0468FF1FD1
:1050B80010B50D48416B0D4A0907090F426309D025
:1050C80001290AD00A4803290AD0062901D100215A
:1050D800417010BD0AF000FA10BD01F033F810BDA0
:1050E8000121017010BD000000F0004030510000A7
:1050F800F467FF1F10B50448816F41676821872056
:1051080000F002FD10BD00005496FF1F01484078D2
:1051180070470000F467FF1F10B5084A507010462A
:105128002038418400F0D4FC04480C3000F05EF9CB
:10513800034800F00DF8002010BD00003494FF1F54
:10514800E559FF1F0149C01EC88470471494FF1F0A
:1051580010B504460848FCF785FF08490848FCF7DD
:10516800D7FD0648074A08210830FCF781FF0349A4
:10517800091F0C6010BD00009937FF1F6C67FF1FE7
:10518800FFFF00004865FF1FF8B5234D04460528BA
:1051980007D028780126214F052809D002281FD0DA
:1051A80038E01D491D48891C0930FCF767FF31E0CC
:1051B8006846067020210820FCF706FF20210920F8
:1051C800FCF702FF00210846FCF7FEFE6A460121B3
:1051D8003846FCF7EDFE00210846FCF755FF19E0BC
:1051E800032C17D10820FCF755FF202812D1684658
:1051F800067020210820FCF7E7FE20210920FCF793
:10520800E3FE00210846FCF7DFFE6A460121384626
:10521800FCF7CEFE2C70F8BD0468FF1F05030000E4
:1052280038B5044669460E48FCF728FF6A460D491A
:105238001088FCF735FF6A4611880B4A91420CD05A
:10524800C0070AD0074800224830408920806846B5
:1052580021460088FCF72AFF38BD122038BD00001F
:105268000E0300006C67FF1FFFFF00001CB54178AC
:10527800172917D00179022914D104890A4800880E
:10528800844200D904462046FFF75CFF69460020A7
:10529800FCF712FF68468088A04203D20121480328
:1052A800FCF7F2FE1CBD0000F868FF1F097A022017
:1052B800C90600D508207047FEB584461546087A09
:1052C8000026089A0C46800601D50820FEBD2178E4
:1052D8000120022923D0264A6189528DDFB29142EA
:1052E8000AD123490C390968002905D06A4610708B
:1052F80057706846019588471D4861894030408F3E
:1053080081420AD11A480C380168002905D00222C6
:10531800684602704770019588473046FEBD61684F
:105328000F78497809027918124F89B2B942F4D135
:1053380000920190DBB22A4621466046FCF7C2FE85
:105348000600EAD10A480C3801680029E5D06A78D5
:1053580028781202801880B2012807D006206A46F1
:1053680010700020507001906846D5E70520F6E7D8
:105378007467FF1F02290000F8B50D461121044685
:1053880009060C43144910208C4203D362198A423F
:1053980000D8002011498C4204D3114A6119914266
:1053A80000D800200F4A6119914200D800202146F8
:1053B8002943090501D00C20F8BD0028FCD100269E
:1053C80001273F0303E0A019FEF79CF8F619AE4247
:1053D800F9D30020F8BD0000003000110040001192
:1053E8000010011101001011002070473CB504465F
:1053F800002000900190114D042211496846256053
:105408000AF093F80098411C10D020280CD80C49B9
:105418000422091D01A80AF088F80198012807D07C
:10542800022808D0002806D068203CBD67203CBD73
:105438000448206000E0256000203CBD00100111F8
:1054480000300011CB08AF3210B513468A0701D0DF
:105458000C2010BD0A46014602481818FEF7A8F8A5
:1054680010BD00000030001110B5830701D00C20DA
:1054780010BDD21C92089200FEF79AF810BD10B524
:10548800FCF726FE0120FCF729FEFCF72DFE002084
:1054980010BD0000F8B5264D1421A87A2F464843C0
:1054A800603FC619A87A142250433A4629798018D1
:1054B8007436846F002919D130681E49A04212D071
:1054C800FA6E841820050ED0200B00034A1C8018A1
:1054D800B2681219121A5118090B0903FFF74CFF89
:1054E80000280BD102E0200B0003F1E71248B26854
:1054F800C16F2046FFF7B8FF002802D0FEF76EF90B
:10550800F8BDA87A697A401C88420BD1287900280E
:1055180001D100F0ABFF042038700021832000F097
:10552800F3FAF8BD0220387000218520F7E7000063
:105538003494FF1FFF0F00005496FF1FF0B5234E51
:10554800234B002822D000211CE0A12080003268D3
:105558004843801804460022FF34813497003F18DE
:10556800FF370137E56A521CFD66082AF6DB002280
:1055780097003F18FF378137E56A521CFD60082AFB
:10558800F6DB491C18788142DFDBF0BD00210846B4
:1055980017E0A122920034684A43141900229500AA
:1055A8002D19FF350135521CE866082AF7DB002261
:1055B80095002D19FF358135521CE860082AF7DB64
:1055C800491C1A789142E4DBF0BD00003409FF1F42
:1055D8001409FF1FF3B599B000210A911A991229ED
:1055E8005CD80A46014601A8FCF770FC09F066FF82
:1055F800B84AB94C90700890684601790520C001F6
:1056080026182046513007901038009030380F90F7
:105618002546203001AF603514900B00FCF76AFD79
:1056280009ED67B4EDECEB062142ED000620207091
:10563800102200211498FCF785FC1022791C14987C
:10564800FCF744FC1021601CFCF75AFDA24A611CBF
:1056580021321546A148FCF731FB102229468B2040
:105668001AE007202070102200210F98FCF76AFC2E
:105678001022791C0F98FCF729FC0BAA97480F9960
:10568800FCF71CFB10220BA81499FCF71DFB002843
:1056980006D01022611C8C2000F05AFA1BB0F0BD15
:1056A8006B202DE0102200210098FCF74BFC102203
:1056B800791C0098FCF70AFC10AA611C0F98FCF7EB
:1056C800FDFA10A98548079AFCF7F8FA1022009904
:1056D8000798FCF7F9FA002807D010228D200799BF
:1056E80000F036FA01202070D8E76C2008E0207816
:1056F800274601287ED168464079202803D906200C
:10570800FEF786F8CAE70120E87210782871724817
:1057180014466C30FFF76AFE0220387068464079FC
:1057280068726F48F0676C480522D2010021743016
:10573800FCF708FC1020A08068468079002805D076
:10574800A080FF2802D10020C043A080287900282B
:1057580017D11490159016901790A07800280DD0A6
:10576800102214A80099FCF7AFFA012842D01022A1
:1057780000200799FCF7A8FA01283BD05948FDF703
:10578800C1FE81200A999DE068464079142107905E
:105798004843514944180878743402282AD1B81C5F
:1057A800FCF73CF901026846407A090A0006014301
:1057B800B81D2160FCF732F901026846407B090AEE
:1057C8000006014303A802306160FCF727F90102D3
:1057D8006846407C090A00060143A1600898002831
:1057E80010D004A80230FCF719F900026946000A33
:1057F800497D03E061E040E029E066E009060843EE
:10580800206102E06846408AA0812879002806D1F4
:1058180035496068354A4118914200D220602046D7
:1058280000F062FD002810D02B4803210170079872
:10583800A87200207067B06729482D4AFF21F067D9
:10584800FCF780FB002184203CE0062032E00020A9
:1058580028741A98012802D0022803D006E009F01B
:105868001BFE03E068464079012801D0062102E0CA
:105878000120287400218A2024E0207802281CD1E5
:105888002879002819D0781CFCF7C8F80402684663
:10589800007A240A00060443781DFCF7BFF80102C9
:1058A8006846007B090A000601432046FFF764FDAD
:1058B800002805D0FDF792FFF0E6FDF7C3FFEDE6FF
:1058C8000021892000F020F9E8E608202070052151
:1058D800FF20F7E7F467FF1FD493FF1F74F7FF1F3C
:1058E80000B3FF1F00300011FFFFFFEEFFFF0F00A6
:1058F8001040000010B5054A1278032A02D0FDF7BF
:10590800A1FF10BD00F004F810BD0000D493FF1FE4
:10591800F8B5304E0F46B17A1422514332462C4C1A
:10592800603A89187431656F0091E16F3A464B19F6
:1059380001461846FCF7CAFA0099ED198868A8428A
:1059480001D265203DE06567A06F224F22492A1ADF
:10595800203FF88C89884843824208D1002187205B
:1059680000F0D2F8606FA0677D20400101E07D2043
:10597800C00000F0ADFC00988068A84223D1798C63
:105988007078FCF7C3FB798C7078FCF7C5FB12487C
:105998008078002810D1B07A142148430D49603925
:1059A8004518EA6F00207435E16F09F0A3FDA98955
:1059B800814201D0662004E000F0D2FB002803D029
:1059C8006A20FDF70BFFF8BDFFF764FDF8BD000086
:1059D8005496FF1F3494FF1FF467FF1F10B5124938
:1059E80004780A4660322300FCF784FB0709050A9D
:1059F800090F1719090041784068FFF7EBFD10BD42
:105A080041784068FFF776FF10BD107C002801D070
:105A180009F042FD00F05CF810BD012000E0002014
:105A28000870107210BD0000D493FF1FF8B51E480F
:105A38004168090601D50020F8BD4168802211435C
:105A48004160194D0A260027803DE869400840005A
:105A5800E8610620FCF7F6F8134CC03CA0698021E9
:105A68000843A061E86901210843E86102E00820D1
:105A7800FCF7E8F8A86A800504D43046761EF6B22A
:105A88000028F4D1002E07D0286A7E21C70BA06910
:105A98000F4088433843A061A16980208143A161F8
:105AA8003806400EF8BD0000C0F0004010B5FBF706
:105AB800BBFF06484468062C04D31420FDF760F8A1
:105AC800002801D0002010BDA00810BD0010004023
:105AD800F8B50B4C03222546203D204667786E8C8E
:105AE800120200216038FCF72DFA0120E072054807
:105AF800007820711420E88467706E84F8BD000077
:105B08003494FF1FF467FF1F30B5BFB00D4604463D
:105B1800F82200216846FCF715FA02216846418000
:105B280005714471FFF77CFB3FB030BD10B5BEB0C6
:105B38000446F82200216846FCF704FA0121684669
:105B480041800471FF214171FFF76AFB3EB010BD2F
:105B580070B5BEB014460E460546F82200216846C8
:105B6800FCF7F0F9601C694648800D71002003E0DD
:105B7800325C0B185A71401CA042F9D30846FFF753
:105B88004FFB3EB070BD10B500F01EFAFFF74EFF98
:105B980010BD000070B53948016801229204114314
:105BA80001604168032212069143354A13781B06A7
:105BB800194341604368032189058B4331490C78B7
:105BC800A405234343604368602423434360137858
:105BD800022B08D01378012B05D00B78022B02D0AA
:105BE8000B78012B04D14368FF240134234343601D
:105BF8001278032A02D00A78032A03D14268802344
:105C08001A434260426803239B041A4342600B789C
:105C18000122D2051C48002B03D11C4B1B78032BF7
:105C28001AD0C3689343C360174A194B4032D360F4
:105C3800FF2341331361174C5461174D9561FF26BB
:105C4800114B813680335E609C60DD60134B0360CE
:105C58000978002903D006E0C3681343E3E7016825
:105C68000123194301600E4909780E4BC906C90B77
:105C7800C91881630C48D06170BD000040F0004035
:105C88004C0AFF1F4B0AFF1F800003404A0AFF1FF0
:105C9800C00B00207A3E6A0700808904CC240000EB
:105CA800480AFF1F250800002FFCA601F8B50500CB
:105CB8004F4A5048504B514C514908D0022D06D0FC
:105CC8000126B604052D10D2FF2781370FE0802664
:105CD800066286699E430123DB04F31883612078FA
:105CE800002837D1872000030BE0FF270137076220
:105CF80087699F43BB198361207800282AD0112027
:105D0800400308613F4808633F48007801221203B6
:105D1800801848613A4E3A4C3C4B803E403C002D3E
:105D28001AD065213A4AC9023A48012D21D0022DDC
:105D380024D0032D4DD0042D4BD03749691831603C
:105D48003649A1602360E06002210846FCF7EAF9C1
:105D580033481EE00A61D5E7324830600020A06071
:105D680023603148E06003210846FCF7DBF92F483F
:105D78000FE02F4B3360A2602160E4E72C4B5B1CE3
:105D88003360A2602160E06002210846FCF7CAF98E
:105D980028482061F068FF210843F06026486061C8
:105DA8002648A0612648E0612648206226486062AD
:105DB8002648A0622648E062264820632648606399
:105DC800E020012D0DD02168022D0ED081432160E5
:105DD800F8BD224BEB183360214B73602160A26041
:105DE800B1E7216881432031F1E781434031EEE793
:105DF80000450400C000034000001C004B0AFF1FC0
:105E08008000034002000001440AFF1F00280B0025
:105E180055555537D6BE898E0080064255555500D2
:105E2800805508220080067807EE753680660822BD
:105E38000180063D80450822A49C5C544C444342A2
:105E480041524C46403A342E28007F554F49433D35
:105E580037312B4C46403A342E28221C00800698B5
:105E6800545A9850F0B5244B234C23490726224A0C
:105E7800B604403BC03CE0258039022819D0FF27F2
:105E8800813717629769B7430126B604BE19966130
:105E98001A4A1278002A21D0012252041A610128D4
:105EA80020D0174A80182060164808610868A8435F
:105EB80016E08020106297690003B7433E18966188
:105EC8000E4A1278002A00D0401018610E4820604F
:105ED8000E4808610868A843403001E00C4ADDE735
:105EE8000860F0BD0848401E20600A48086108683C
:105EF800A8432030F4E70000C00003404B0AFF1F0E
:105F080000800698805508220280063D80450822B8
:105F1800004504008066082210B50A490020087070
:105F2800094902200870FFF735FE0848007800F09C
:105F380011F8074C2078FFF7B9FE2078FBF7FEFD33
:105F480010BD00004B0AFF1F4C0AFF1F480AFF1F25
:105F5800490AFF1FF0B51A4A03230725D600194935
:105F68009B026024ED0157693F281AD0B7430526E4
:105F78003604BE195661CA689A43CB14D218CA604F
:105F8800CA69A2432032CA61CA69AA43CA610D49D3
:105F980040398A6BC0061205120DC00B02438A6392
:105FA800F0BDB7430126B604BE195661CA689A43C4
:105FB800CA60CA69A243CA61CA69AA438032E5E7CE
:105FC80000F00040C000034000B50021022000F0AE
:105FD80021F80C49103008700021422000F01AF80E
:105FE8000949103008700121022000F013F8074910
:105FF800801C08700121422000F00CF80449801C24
:10600800087000BD440AFF1F450AFF1F460AFF1F0C
:10601800470AFF1FF8B53F4C3D4A22603D4D3D4AB7
:1060280007239B04803540320129A9690ED0994382
:1060380001239B04C918A9613749D16037490B78F6
:106048000126F6053649002B07D00CE099430123B9
:10605800DB04C918A9613349EFE70B78032B17D084
:106068000B78052B14D0D368B343D36050630E204C
:10607800106200275762FF20153050622A480090AE
:1060880008780300FCF736F80607070F090B0D0F11
:10609800D3683343E9E7254804E0254802E025486A
:1060A80000E0254800900098431E0093FBD2686BDF
:1060B80057620002000E1762204BD360FF23413362
:1060C80053626523DB0223601D4D2F78E023012FE7
:1060D8000AD02D78022D25680AD09D4325600F4BE4
:1060E8001B78002B07D00CE025689D432035F5E789
:1060F8009D434035F2E70B78032B06D00978052934
:1061080003D0D168B143D160F8BDD1683143FAE713
:1061180010000300400003407F4073004B0AFF1F3C
:106128004A0AFF1F7F40530010270000204E00003E
:1061380030750000409C000050C300004040100033
:10614800490AFF1F10B5FBF745FCFFF74DF900287A
:1061580001D009F0BBF9FBF743FC002010BD00009B
:1061680038B51E4C2079002836D1FDF7A9F800284B
:106178002AD0A07A14214843214660394418184D82
:10618800E16F7434E86F00F0F1F800281BD0A168C3
:106198001448091FA1608078002816D0626820681A
:1061A8009042E86F08D16B46002209F031F9206966
:1061B8000099884207D10FE022460023103209F0E7
:1061C80049F9002808D06A2038BDE86F0A46014618
:1061D800002009F08FF9A081002038BD3494FF1FFA
:1061E8005496FF1FF467FF1FF0B501239B079D6AB4
:1061F8001F23DB04034040031124400B2406041929
:106208002D48007A002801D03320F0BD002D02D19E
:1062180001208607B062002B06D028484362066832
:1062280001273F043E430660244E00204036B061FB
:106238002AE0802A01D9802000E01046204F082655
:10624800BE63204EB16034610027B7611E4F3762CC
:1062580070621C4E00274036B7600427F760184E5E
:1062680001278036B761194F3762154E403E3768AF
:106278003F07FCD5124F0826BE633702104E803602
:106288003762121A09182418002AD2D1002B07D015
:106298000A48002141620168012212049143016009
:1062A8000648022140308161002D02D100204907B3
:1062B80088620020F0BD00009408FF1F00C800405D
:1062C800000301400001014001000002080800002D
:1062D800024610B50348418C20304078FBF728FF70
:1062E80010BD00001494FF1F30B51949194B0C79E3
:1062F800194A0168002C0CD0002925D14168806812
:106308000C189C4220D890421ED8144881421BD3B6
:106318001CE044688C4209D1EF231B06C918104BB6
:10632800994211D2806890420ED80FE00D4D641941
:106338000D4DAC4208D28068904205D81122120651
:1063480011430818984201D9002030BD012030BD02
:106358003494FF1F0100101110400000003000119C
:1063680001001000000001E00100010070B50C46BA
:106378000546FCF7A5FF002806D02A190023211F8F
:106388002846121F09F066F8012070BD10B50124D7
:10639800A0078462FCF72EFFFCF73AFCFDF7F0F942
:1063A80026488069006AFBF74DFC264924480860A6
:1063B800244825498030C163FF2141314162234887
:1063C8000078FCF791FE22492248FBF79DFD214900
:1063D80000201439C8610220C8611F4848610320A1
:1063E800C8611C481D491430FBF78EFD0420FCF7DA
:1063F800BDFB1420FCF7BAFB1520FCF7B7FBFF2008
:10640800FBF7C6FB0120FBF799FEFF20F530FBF7F1
:10641800C5FB5820FBF75CFB1148FBF7C5FB204682
:10642800FBF792FE0720FBF7D1FB0E49C8690E4A1D
:106438001040FF300930C86110BD00006468FF1FBC
:106448000180063D00000340340800004A0AFF1F8F
:106458007102000014100040C3090000FFFF3F0054
:106468003075000040F0004000FEFEFF7FB51022AE
:1064780000216846FBF766FD1B48FDF743F81B4DF6
:106488000022687A0090002001900290401E03903C
:1064980010216846FEF7D8FF002823D100242E4695
:1064A800603E1BE0142060438019416F0091816FAA
:1064B8000191C16F02910E498978002902D080307C
:1064C800406801E08030008822010390102168466E
:1064D8001032FEF7B9FF002804D1641C687AA04284
:1064E800E0DC002004B070BD003000113494FF1FC0
:1064F800F467FF1F3B00010823F16E53A422426199
:1065080091518B9B01FF335823F16E53A4224261B2
:1065180091518B9B02FF335823F16E53A4224261A1
:1065280091518B9B03FF335823F16E53A422426190
:1065380091518B9B04FF3358100000000065FF1F2A
:10654800B552FF1FC152FF1F0000000003000000EA
:1065580000000000000000000466FF1FBC77FF1F5A
:1065680070010000F82BFF1FBC77FF1F0466FF1F98
:10657800B81100008419FF1F0004FF1FBC77FF1F1C
:106588000C000000F82BFF1FBC77FF1F0004FF1F43
:10659800000400008419FF1F00B3FF1FBC77FF1F12
:1065A80084000000F82BFF1FBC77FF1F00B3FF1FFC
:1065B800104000008419FF1F7467FF1FBC77FF1F7E
:1065C80040220000082CFF1F74F7FF1F74F7FF1FFD
:1065D80014080000082CFF1FF1590000FD240000DA
:1065E800D1DA0011CDCE001191D700110DC90011DB
:1065F80019D200117550FF1F080000000114021F76
:10660800FF4202350C0111012D640B0111105A06CD
:10661800102D7866FF1F101A1E10A9301A0C1032A0
:10662800031A3020B2201A0F0221ABE80354DA789B
:10663800545AFC545A14104B7C931069205AFD206C
:106648006A1620591069205AFE105A1C102A841004
:106658003A0272915C3075FFF712062B800C92019A
:1066680024041C02010612081210DA043299E8CB3D
:106678004065A8366167FF1F105A10181A6210A9E2
:10668800205A63201A202029105A64201A0C202925
:10669800AFDA6C305A65305A30501A661011191931
:1066A8002914C11B91511849CE800F090950506C0B
:1066B80075734F54410BFF04056914F1123BC30174
:1066C800082974148821282C5902E00B112C4078D1
:1066D8007D0839F3114A250A290701183A2C366131
:1066E800E3FFFF691B1A68094A125261A9CD990C88
:1066F800660205090E1423227EB31D7012F71205D7
:10670800B20BC96B22B42A2802143075A0490211B1
:1067180012081D08E001F05F89023A5002290A6355
:10672800D0071A0FA412051C307507141201DA815C
:10673800C009146C2113ADE014113DE1141195E961
:10674800FA113369116AFFFE011209181A01FF01D3
:10675800FF01FF01FF01FF01FF01FF01FF01FF0131
:0C676800FF01FF01FF01FF01EB0000003A
:020000041FFFDC
:10B3000001FF01FF01FF01FF01FF01FF01FF01FF3D
:10B3100001FF01FF01FF01FF01FF01FF01FF01FF2D
:10B3200001FF01FF01FF01FF01FF01FF01FF01FF1D
:10B3300001FF01FF01FF01FF01FF01FF01FF01FF0D
:10B3400001FF01FF01FF01FF01FF01FF01FF01FFFD
:10B3500001FF01FF01FF01FF01FF01FF01FF01FFED
:10B3600001FF01FF01FF01FF01FF01FF01FF01FFDD
:10B3700001FF01FF01FF01FF01FF01FF01FF01FFCD
:04B380000150000078
:020000041FFFDC
:10F4000003B40148019001BD3953010003B4014820
:10F41000019001BD1D530100FEB504460D46164680
:10F420001F460120800780681021084389068860F4
:10F430002B4622460749084801970096FFF7E0FF50
:10F440000290012080078068102188438906886027
:10F450000298FEBD3028001174F7FF1FFEB5044668
:10F460000D4616461F46012080078068102108437C
:10F47000890688602B46224607490848019700966E
:10F48000FFF7C4FF029001208007806810218843A5
:10F49000890688600298FEBD3028001174F7FF1FAE
:10F4A00072B606480168491C0160054804210160E4
:10F4B00000214160012080074160FEE77808FF1FBE
:10F4C000C0F0004010B5F3F7FFFE002800D110BDDA
:10F4D0000120FCE701484168084700003818FF1F79
:10F4E00010B5F2F77BFA00F04FF8002801D1FFF7D2
:10F4F000F1FFF2F779FA002010BD000070B515E0B9
:10F5000003070D78DC0E824B060928071C5BC00E32
:10F51000185A664070400407E40E1E5B040928096F
:10F520004000185A74406040491C521E002AE7D11E
:10F5300070BDF0B501239B079D6A04460C4314433C
:10F54000A40701D00C20F0BD724CFD260C19360327
:10F55000B44201D31020F0BD6F4E002D04D102241F
:10F5600034605C6201249C62002402E00F59241D77
:10F5700080C09442FAD3002D04D1002030600321D2
:10F58000596298620020F0BDF0B500208BB061494F
:10F59000059005460646079009900422494205A8B1
:10F5A000FFF7C7FF0598411C7DD020280FD8002801
:10F5B0000DD00422594907A8FFF7BBFF079802287E
:10F5C00008D0012808D0002806D0032805D06820DC
:10F5D0000BB0F0BD524D00E0524DFFF773FF0890A5
:10F5E00064200090411E009101D30846FAE7484884
:10F5F00004224D49001FFFF79CFF01247EE047488D
:10F600002701001F3918424804221838FFF791FFDC
:10F610004248042239183E481438FFF78AFF3F4811
:10F620000422001D39183A481038FFF782FF3B4882
:10F6300004220830391836480C38FFF77AFF099849
:10F64000002804D1012C02D131481C388668304F83
:10F650001C3F7868411C26D0BB68591C23D0F96830
:10F660008C46491C1FD03969491C1CD0834202D1E9
:10F67000010E112919D0012109912C4A190C91422E
:10F680003BD00899002925D0214A40190C3A6146FF
:10F69000FFF7E4FE002830D0254902204863FFF739
:10F6A000FFFE2AE0FFE7672092E70899BA69002980
:10F6B00020490AD08A4220D0154B0022083B6146DF
:10F6C000FFF7AAFE7969386915E08A4215D06246CB
:10F6D00001460AE0411962461846FFF72AFF15481D
:10F6E000B969814209D0FA68B9680020FFF706FFBE
:10F6F0007861398A89B28142CED1641C0598401C58
:10F70000844200D27BE702481C38066000205FE795
:10F7100054F7FF1F00D0FFEE00C00040043000117E
:10F72000CB08AF3200100111F03F0011FFFF0000C5
:10F7300000F000405A5AA5A500000000000000009B
:10F7400000000000000000000000000000000000B9
:10F7500000000000000001CC01D8001401F0003CC2
:10F76000002801E401A0006C007801B40050019C65
:04F7700001880044C8
:040000051FFF18F9C8
:00000001FF
